timestamp,batch_size,prompt_type,prompt_length,total_output_tokens,batch_time,avg_token_latency,avg_throughput,gpu_name,gpu_mem_used_MB,gpu_mem_total_MB,gpu_util_percent
2025-11-03T23:46:24.616253,1,simple,short,10,0.2315993309020996,0.02315993309020996,43.17801766114404,NVIDIA GeForce RTX 3060 Ti,6710,8192,92
2025-11-03T23:46:27.032790,8,simple,short,163,2.370537042617798,0.014543172040599987,68.76079009505717,NVIDIA GeForce RTX 3060 Ti,6710,8192,94
2025-11-03T23:47:01.802833,32,simple,short,2571,34.73454236984253,0.013510129276484843,74.01853672418646,NVIDIA GeForce RTX 3060 Ti,6710,8192,94
2025-11-03T23:48:46.842471,128,simple,short,7746,105.00113821029663,0.013555530365388153,73.77062889057721,NVIDIA GeForce RTX 3060 Ti,6710,8192,94
2025-11-03T23:48:47.678805,1,simple,short,53,0.7960124015808105,0.015019101916619067,66.58187723551374,NVIDIA GeForce RTX 3060 Ti,6710,8192,93
2025-11-03T23:48:53.176919,8,simple,short,395,5.461585998535156,0.013826799996291534,72.32331416294504,NVIDIA GeForce RTX 3060 Ti,6710,8192,94
2025-11-03T23:49:16.844787,32,simple,short,1724,23.623865365982056,0.013702938147321379,72.97704983040283,NVIDIA GeForce RTX 3060 Ti,6710,8192,92
2025-11-03T23:51:07.677057,128,simple,short,8164,110.78572535514832,0.013570030053300871,73.69180437126245,NVIDIA GeForce RTX 3060 Ti,6710,8192,93
2025-11-03T23:51:07.941079,1,simple,short,9,0.21950411796569824,0.024389346440633137,41.00150868880931,NVIDIA GeForce RTX 3060 Ti,6710,8192,93
2025-11-03T23:51:20.189769,8,simple,short,898,12.207190752029419,0.013593753621413606,73.56319879335952,NVIDIA GeForce RTX 3060 Ti,6702,8192,94
2025-11-03T23:51:51.283255,32,simple,short,2222,31.056984901428223,0.013977040909733673,71.5459020588253,NVIDIA GeForce RTX 3060 Ti,6669,8192,94
2025-11-03T23:53:52.642675,128,simple,short,8967,121.30939269065857,0.013528425637410345,73.9184312204582,NVIDIA GeForce RTX 3060 Ti,6669,8192,92
2025-11-03T23:53:52.951180,1,simple,short,13,0.27050232887268066,0.020807871451744668,48.05873596052774,NVIDIA GeForce RTX 3060 Ti,6669,8192,92
2025-11-03T23:53:55.368218,8,simple,short,163,2.3772928714752197,0.014584618843406255,68.56538458336898,NVIDIA GeForce RTX 3060 Ti,6669,8192,91
2025-11-03T23:54:31.361779,32,simple,short,2648,35.95556092262268,0.013578384034223066,73.64646613909225,NVIDIA GeForce RTX 3060 Ti,6669,8192,94
2025-11-03T23:56:24.061037,128,simple,short,8306,112.64675831794739,0.013562094668666914,73.73492254926835,NVIDIA GeForce RTX 3060 Ti,6669,8192,93
2025-11-03T23:56:24.403042,1,simple,short,15,0.29750537872314453,0.019833691914876304,50.41925650009456,NVIDIA GeForce RTX 3060 Ti,6669,8192,93
2025-11-03T23:56:32.547207,8,simple,short,592,8.102132320404053,0.013686034325006846,73.0671848581309,NVIDIA GeForce RTX 3060 Ti,6669,8192,92
2025-11-03T23:57:09.459822,32,simple,short,2715,36.86557102203369,0.013578479197802465,73.64594999429977,NVIDIA GeForce RTX 3060 Ti,6661,8192,94
2025-11-03T23:59:06.413647,128,simple,short,8645,116.9163248538971,0.013524155564360566,73.9417699863822,NVIDIA GeForce RTX 3060 Ti,6661,8192,93
2025-11-03T23:59:06.723651,1,simple,short,13,0.2685050964355469,0.02065423818734976,48.41621322119141,NVIDIA GeForce RTX 3060 Ti,6661,8192,84
2025-11-03T23:59:11.322724,8,simple,short,326,4.558066368103027,0.01398179867516266,71.52155621983066,NVIDIA GeForce RTX 3060 Ti,6661,8192,91
2025-11-03T23:59:42.719453,32,simple,short,2300,31.3504900932312,0.013630647866622261,73.36408436232347,NVIDIA GeForce RTX 3060 Ti,6661,8192,92
2025-11-04T00:01:35.819701,128,simple,short,8333,113.05676317214966,0.013567354274828951,73.70633800395895,NVIDIA GeForce RTX 3060 Ti,6661,8192,92
2025-11-04T00:01:36.129204,1,simple,short,13,0.2680039405822754,0.020615687737098105,48.50674945956285,NVIDIA GeForce RTX 3060 Ti,6661,8192,92
2025-11-04T00:01:41.287785,8,simple,short,369,5.109581232070923,0.0138471036099483,72.21726854716108,NVIDIA GeForce RTX 3060 Ti,6661,8192,94
2025-11-04T00:02:19.205916,32,simple,short,2790,37.877593755722046,0.013576198478753422,73.6583220674762,NVIDIA GeForce RTX 3060 Ti,6661,8192,94
2025-11-04T00:04:22.628394,128,simple,short,9133,123.37297797203064,0.013508483299247852,74.02755571054225,NVIDIA GeForce RTX 3060 Ti,6661,8192,93
2025-11-04T00:04:23.061901,1,simple,short,22,0.3915059566497803,0.01779572530226274,56.19327018229762,NVIDIA GeForce RTX 3060 Ti,6661,8192,93
2025-11-04T00:04:28.762394,8,simple,short,406,5.652088165283203,0.01392139942187981,71.83185897448877,NVIDIA GeForce RTX 3060 Ti,6661,8192,94
2025-11-04T00:04:56.281823,32,simple,short,2012,27.479429721832275,0.013657768251407692,73.21840447079859,NVIDIA GeForce RTX 3060 Ti,6661,8192,92
2025-11-04T00:06:54.188391,128,simple,short,8693,117.86905264854431,0.013559076572937341,73.751335101677,NVIDIA GeForce RTX 3060 Ti,6661,8192,94
2025-11-04T00:06:54.436895,1,simple,short,8,0.20250320434570312,0.02531290054321289,39.50554770650843,NVIDIA GeForce RTX 3060 Ti,6661,8192,94
2025-11-04T00:06:58.632461,8,simple,short,297,4.156067132949829,0.013993492030134105,71.46179079864861,NVIDIA GeForce RTX 3060 Ti,6661,8192,91
2025-11-04T00:07:30.566951,32,simple,short,2340,31.886977910995483,0.013626913637177556,73.38418857163336,NVIDIA GeForce RTX 3060 Ti,6661,8192,92
2025-11-04T00:09:29.461086,128,simple,short,8761,118.84279346466064,0.01356498042057535,73.71923651900012,NVIDIA GeForce RTX 3060 Ti,6661,8192,94
2025-11-04T00:09:33.037142,1,simple,short,257,3.5310535430908203,0.01373950794976973,72.78281024734657,NVIDIA GeForce RTX 3060 Ti,6661,8192,93
2025-11-04T00:09:37.205706,8,simple,short,296,4.126561880111694,0.013941087432809779,71.73041592483962,NVIDIA GeForce RTX 3060 Ti,6661,8192,92
2025-11-04T00:10:07.651181,32,simple,short,2234,30.39997410774231,0.01360786665521142,73.48690469545636,NVIDIA GeForce RTX 3060 Ti,6661,8192,94
2025-11-04T00:12:01.071184,128,simple,short,8356,113.38400030136108,0.013569171888626266,73.69646491383928,NVIDIA GeForce RTX 3060 Ti,6661,8192,94
2025-11-04T00:12:01.365188,1,simple,short,12,0.2565042972564697,0.02137535810470581,46.78284195762076,NVIDIA GeForce RTX 3060 Ti,6661,8192,94
2025-11-04T00:12:08.070321,8,simple,short,485,6.662102460861206,0.013736293733734445,72.79984101855202,NVIDIA GeForce RTX 3060 Ti,6661,8192,93
2025-11-04T00:12:32.664175,32,simple,short,1789,24.557883262634277,0.01372715665882296,72.84829807469723,NVIDIA GeForce RTX 3060 Ti,6661,8192,92
2025-11-04T00:14:30.350512,128,simple,short,8684,117.64883756637573,0.013547770332378596,73.81288399981526,NVIDIA GeForce RTX 3060 Ti,6661,8192,93
2025-11-04T00:14:30.662015,1,simple,short,12,0.2595045566558838,0.02162537972132365,46.24196258685588,NVIDIA GeForce RTX 3060 Ti,6661,8192,13
2025-11-04T00:14:38.158155,8,simple,short,544,7.4531190395355225,0.013700586469734417,72.98957619143327,NVIDIA GeForce RTX 3060 Ti,6661,8192,92
2025-11-04T00:14:59.097490,32,simple,short,1522,20.90232801437378,0.013733461244660827,72.81485578799526,NVIDIA GeForce RTX 3060 Ti,6661,8192,91
2025-11-04T00:16:56.399320,128,simple,short,8687,117.26432991027832,0.013498829274810444,74.08049836336954,NVIDIA GeForce RTX 3060 Ti,6661,8192,94
2025-11-04T00:16:56.709326,1,simple,short,13,0.26850461959838867,0.02065420150756836,48.416299203509176,NVIDIA GeForce RTX 3060 Ti,6661,8192,10
2025-11-04T00:17:08.438009,8,simple,short,862,11.687183141708374,0.013558217101749854,73.75601028478425,NVIDIA GeForce RTX 3060 Ti,6661,8192,94
2025-11-04T00:17:31.657871,32,simple,short,1691,23.161863327026367,0.013697139755781412,73.0079431056335,NVIDIA GeForce RTX 3060 Ti,6661,8192,93
2025-11-04T00:19:30.208720,128,simple,short,8796,118.50884938240051,0.013473038811096011,74.22230530327192,NVIDIA GeForce RTX 3060 Ti,6661,8192,94
2025-11-04T00:19:32.919779,1,simple,short,194,2.6735424995422363,0.013781146904856888,72.56290110713283,NVIDIA GeForce RTX 3060 Ti,6661,8192,94
2025-11-04T00:19:41.484491,8,simple,short,625,8.517712593078613,0.01362834014892578,73.37650726884905,NVIDIA GeForce RTX 3060 Ti,6661,8192,94
2025-11-04T00:20:09.459928,32,simple,short,2049,27.924436807632446,0.013628324454676646,73.37659176853863,NVIDIA GeForce RTX 3060 Ti,6661,8192,94
2025-11-04T00:22:05.734562,128,simple,short,8609,116.22613430023193,0.013500538308773602,74.07112050858962,NVIDIA GeForce RTX 3060 Ti,6656,8192,90
2025-11-04T00:22:07.004082,1,simple,short,85,1.2200186252593994,0.014353160297169406,69.67106750679922,NVIDIA GeForce RTX 3060 Ti,6656,8192,93
2025-11-04T00:22:10.984644,8,simple,short,280,3.9395604133605957,0.014069858619144985,71.07391958006535,NVIDIA GeForce RTX 3060 Ti,6661,8192,95
2025-11-04T00:22:51.123518,32,simple,short,2959,40.10287284851074,0.013552846518590992,73.78523756085184,NVIDIA GeForce RTX 3060 Ti,6661,8192,92
2025-11-04T00:24:58.279076,128,simple,short,9398,127.10624241828918,0.013524818303712405,73.93814671251529,NVIDIA GeForce RTX 3060 Ti,6661,8192,94
2025-11-04T00:24:58.573103,1,simple,short,11,0.24500250816345215,0.02227295528758656,44.89749954992872,NVIDIA GeForce RTX 3060 Ti,6661,8192,93
2025-11-04T00:25:06.396724,8,simple,short,570,7.788616895675659,0.013664240167852034,73.1837253821627,NVIDIA GeForce RTX 3060 Ti,6661,8192,93
2025-11-04T00:25:35.519206,32,simple,short,2128,29.07395076751709,0.013662570849397128,73.19266710658088,NVIDIA GeForce RTX 3060 Ti,6661,8192,94
2025-11-04T00:27:28.621972,128,simple,short,8381,113.06626081466675,0.01349078401320448,74.12467644736007,NVIDIA GeForce RTX 3060 Ti,6661,8192,91
2025-11-04T00:27:31.222012,1,simple,short,186,2.5645415782928467,0.013787857947811004,72.52758215127699,NVIDIA GeForce RTX 3060 Ti,6661,8192,94
2025-11-04T00:27:44.521576,8,simple,short,979,13.261062145233154,0.013545518023731516,73.82515738770692,NVIDIA GeForce RTX 3060 Ti,6661,8192,94
2025-11-04T00:28:10.319479,32,simple,short,1885,25.74890160560608,0.013659894750984657,73.20700622000885,NVIDIA GeForce RTX 3060 Ti,6661,8192,93
2025-11-04T00:30:07.796135,128,simple,short,8629,117.42915153503418,0.013608662827098642,73.48260535992715,NVIDIA GeForce RTX 3060 Ti,6661,8192,92
2025-11-04T00:30:10.738638,1,simple,short,211,2.9030051231384277,0.013758318119139468,72.68330266392665,NVIDIA GeForce RTX 3060 Ti,6661,8192,94
2025-11-04T00:30:25.849194,8,simple,short,1117,15.068022966384888,0.013489725126575548,74.13049492238663,NVIDIA GeForce RTX 3060 Ti,6661,8192,94
2025-11-04T00:30:43.781198,32,simple,short,1295,17.88353133201599,0.013809676704259453,72.41299136941853,NVIDIA GeForce RTX 3060 Ti,6661,8192,92
2025-11-04T00:32:38.050214,128,simple,short,8451,114.23018288612366,0.01351676522140855,73.98219793121422,NVIDIA GeForce RTX 3060 Ti,6661,8192,94
2025-11-04T00:32:41.304241,1,simple,short,234,3.218505382537842,0.013754296506571973,72.70455450209232,NVIDIA GeForce RTX 3060 Ti,6661,8192,94
2025-11-04T00:32:51.183255,8,simple,short,722,9.838513135910034,0.01362674949572027,73.38507252327992,NVIDIA GeForce RTX 3060 Ti,6661,8192,94
2025-11-04T00:33:27.684167,32,simple,short,2677,36.45941114425659,0.013619503602636007,73.42411509083587,NVIDIA GeForce RTX 3060 Ti,6661,8192,92
2025-11-04T00:35:26.780607,128,simple,short,8818,119.05894160270691,0.013501807847891461,74.0641557979339,NVIDIA GeForce RTX 3060 Ti,6661,8192,93
2025-11-04T00:35:29.010612,1,simple,short,157,2.18650221824646,0.013926765721315031,71.80418052624319,NVIDIA GeForce RTX 3060 Ti,6661,8192,94
2025-11-04T00:35:36.028622,8,simple,short,508,6.97701096534729,0.013734273553833248,72.81054917687285,NVIDIA GeForce RTX 3060 Ti,6661,8192,94
2025-11-04T00:36:02.015942,32,simple,short,1889,25.95004177093506,0.013737449322887802,72.79371712286587,NVIDIA GeForce RTX 3060 Ti,6661,8192,94
2025-11-04T00:37:50.431704,128,simple,short,8001,108.36726093292236,0.013544214589791572,73.83226198687899,NVIDIA GeForce RTX 3060 Ti,6661,8192,94
2025-11-04T00:37:53.140708,1,simple,short,193,2.6600024700164795,0.013782396217701966,72.55632360326504,NVIDIA GeForce RTX 3060 Ti,6661,8192,94
2025-11-04T00:38:01.567223,8,simple,short,565,7.942509174346924,0.014057538361675972,71.13620993034073,NVIDIA GeForce RTX 3060 Ti,6661,8192,0
2025-11-04T00:38:29.270265,32,simple,short,1997,27.66004252433777,0.013850797458356419,72.19800903208524,NVIDIA GeForce RTX 3060 Ti,6660,8192,94
2025-11-04T00:40:31.003939,128,simple,short,8989,121.69766998291016,0.013538510399700762,73.86336978565254,NVIDIA GeForce RTX 3060 Ti,6661,8192,94
2025-11-04T00:40:31.329439,1,simple,short,14,0.28099966049194336,0.0200714043208531,49.82212425271382,NVIDIA GeForce RTX 3060 Ti,6661,8192,94
2025-11-04T00:40:37.214602,8,simple,short,424,5.838166952133179,0.013769261679559384,72.62553528810558,NVIDIA GeForce RTX 3060 Ti,6661,8192,93
2025-11-04T00:41:00.410852,32,simple,short,1686,23.14874815940857,0.013729981114714454,72.83331212511993,NVIDIA GeForce RTX 3060 Ti,6661,8192,94
2025-11-04T00:42:58.926305,128,simple,short,8765,118.46445369720459,0.013515625065282897,73.98843894898093,NVIDIA GeForce RTX 3060 Ti,6661,8192,94
2025-11-04T00:43:02.469850,1,simple,short,254,3.4970438480377197,0.013767889165502834,72.63277529177276,NVIDIA GeForce RTX 3060 Ti,6661,8192,93
2025-11-04T00:43:08.930360,8,simple,short,465,6.421513319015503,0.013809706062398931,72.4128374261926,NVIDIA GeForce RTX 3060 Ti,6661,8192,94
2025-11-04T00:43:28.115391,32,simple,short,1390,19.14153027534485,0.01377088509017615,72.61697366957031,NVIDIA GeForce RTX 3060 Ti,6661,8192,92
2025-11-04T00:45:19.157538,128,simple,short,8203,110.98514747619629,0.013529824146799499,73.91079064664352,NVIDIA GeForce RTX 3060 Ti,6661,8192,93
2025-11-04T00:45:19.421039,1,simple,short,9,0.21599888801574707,0.02399987644619412,41.66688117090616,NVIDIA GeForce RTX 3060 Ti,6661,8192,93
2025-11-04T00:45:27.471746,8,simple,short,583,8.010009288787842,0.013739295521076916,72.783935571219,NVIDIA GeForce RTX 3060 Ti,6661,8192,92
2025-11-04T00:45:49.811282,32,simple,short,1624,22.304038047790527,0.013734013576225694,72.81192744202998,NVIDIA GeForce RTX 3060 Ti,6661,8192,90
2025-11-04T00:47:50.634502,128,simple,short,8937,120.77369546890259,0.01351389677396247,73.9979013253026,NVIDIA GeForce RTX 3060 Ti,6661,8192,91
2025-11-04T00:47:53.190009,1,simple,short,181,2.498004913330078,0.013801132117845736,72.45782385540218,NVIDIA GeForce RTX 3060 Ti,6661,8192,93
2025-11-04T00:48:03.008310,8,simple,short,713,9.769015789031982,0.013701284416594645,72.98585808413885,NVIDIA GeForce RTX 3060 Ti,6661,8192,94
2025-11-04T00:48:33.446859,32,simple,short,2230,30.400049686431885,0.013632309276426854,73.35514326462733,NVIDIA GeForce RTX 3060 Ti,6661,8192,93
2025-11-04T00:50:26.447038,128,simple,short,8345,112.95768022537231,0.013535971267270498,73.87722537635439,NVIDIA GeForce RTX 3060 Ti,6661,8192,92
2025-11-04T00:50:27.438042,1,simple,short,64,0.9405059814453125,0.014695405960083008,68.04847737560232,NVIDIA GeForce RTX 3060 Ti,6661,8192,0
2025-11-04T00:50:34.734568,8,simple,short,528,7.254010200500488,0.013738655682766077,72.78732527334616,NVIDIA GeForce RTX 3060 Ti,6661,8192,94
2025-11-04T00:51:02.540129,32,simple,short,2035,27.770543098449707,0.01364645852503671,73.27908542464206,NVIDIA GeForce RTX 3060 Ti,6661,8192,92
2025-11-04T00:53:01.731805,128,simple,short,8824,119.14117455482483,0.013501946345741707,74.0633960758838,NVIDIA GeForce RTX 3060 Ti,6661,8192,94
2025-11-04T00:53:02.041074,1,simple,short,13,0.27250170707702637,0.020961669775155876,47.706123163204154,NVIDIA GeForce RTX 3060 Ti,6661,8192,94
2025-11-04T00:53:14.897621,8,simple,short,943,12.810019969940186,0.013584326585302424,73.61424901856755,NVIDIA GeForce RTX 3060 Ti,6661,8192,95
2025-11-04T00:53:53.846771,32,simple,short,2880,38.907642126083374,0.013509597960445615,74.02144778311485,NVIDIA GeForce RTX 3060 Ti,6661,8192,89
2025-11-04T00:55:47.444191,128,simple,short,8391,113.55859589576721,0.013533380514332881,73.89136800970931,NVIDIA GeForce RTX 3060 Ti,6661,8192,94
2025-11-04T00:55:47.738715,1,simple,short,11,0.24200129508972168,0.022000117735429245,45.45430220082815,NVIDIA GeForce RTX 3060 Ti,6661,8192,66
2025-11-04T00:55:52.165716,8,simple,short,313,4.389005661010742,0.014022382303548696,71.31455827922522,NVIDIA GeForce RTX 3060 Ti,6661,8192,94
2025-11-04T00:56:22.554263,32,simple,short,2235,30.35304832458496,0.013580782248136448,73.63346099870056,NVIDIA GeForce RTX 3060 Ti,6661,8192,93
2025-11-04T00:58:17.023481,128,simple,short,8478,114.42418575286865,0.013496601291916566,74.09272737418151,NVIDIA GeForce RTX 3060 Ti,6661,8192,92
2025-11-04T00:58:19.580067,1,simple,short,182,2.5095016956329346,0.013788470855126014,72.52435824877848,NVIDIA GeForce RTX 3060 Ti,6661,8192,95
2025-11-04T00:58:25.095576,8,simple,short,398,5.475507736206055,0.013757557126145866,72.68732310764148,NVIDIA GeForce RTX 3060 Ti,6661,8192,93
2025-11-04T00:58:53.272671,32,simple,short,2067,28.136046171188354,0.013612020402123054,73.46447995655596,NVIDIA GeForce RTX 3060 Ti,6661,8192,93
2025-11-04T01:00:50.474360,128,simple,short,8662,117.15318393707275,0.013524957739214125,73.9373844474656,NVIDIA GeForce RTX 3060 Ti,6661,8192,91
2025-11-04T01:00:50.752889,1,simple,short,10,0.2304973602294922,0.02304973602294922,43.38444479383021,NVIDIA GeForce RTX 3060 Ti,6661,8192,39
2025-11-04T01:00:55.535448,8,simple,short,338,4.7330100536346436,0.01400298832436285,71.41332812940847,NVIDIA GeForce RTX 3060 Ti,6661,8192,94
2025-11-04T01:01:34.248519,32,simple,short,2854,38.67456245422363,0.013551002962236732,73.79527572879667,NVIDIA GeForce RTX 3060 Ti,6661,8192,94
2025-11-04T01:03:34.202754,128,simple,short,8843,119.9076886177063,0.01355961648961962,73.74839847170725,NVIDIA GeForce RTX 3060 Ti,6661,8192,94
2025-11-04T01:03:34.543066,1,simple,short,15,0.29354214668273926,0.01956947644551595,51.0999874107074,NVIDIA GeForce RTX 3060 Ti,6661,8192,94
2025-11-04T01:03:41.978590,8,simple,short,539,7.397510051727295,0.01372450844476307,72.86235452618888,NVIDIA GeForce RTX 3060 Ti,6661,8192,89
2025-11-04T01:04:14.538187,32,simple,short,2398,32.520551919937134,0.013561531242676035,73.7379859328241,NVIDIA GeForce RTX 3060 Ti,6661,8192,92
2025-11-04T01:06:17.969884,128,simple,short,9121,123.39569735527039,0.013528746557972851,73.91667777312846,NVIDIA GeForce RTX 3060 Ti,6661,8192,90
2025-11-04T01:06:18.248885,1,simple,short,11,0.24250102043151855,0.022045547311956234,45.36063386630722,NVIDIA GeForce RTX 3060 Ti,6661,8192,90
2025-11-04T01:06:22.831907,8,simple,short,324,4.534007787704468,0.013993851196618728,71.45995665879494,NVIDIA GeForce RTX 3060 Ti,6661,8192,94
2025-11-04T01:06:54.852458,32,simple,short,2350,31.972047090530396,0.013605126421502295,73.50170582902814,NVIDIA GeForce RTX 3060 Ti,6661,8192,92
2025-11-04T01:08:58.865811,128,simple,short,9184,123.97534847259521,0.013499057978287807,74.07924327819192,NVIDIA GeForce RTX 3060 Ti,6661,8192,93
2025-11-04T01:09:03.046343,1,simple,short,301,4.132507085800171,0.013729259421263027,72.83714068737473,NVIDIA GeForce RTX 3060 Ti,6661,8192,94
2025-11-04T01:09:13.946902,8,simple,short,799,10.843019485473633,0.013570737779065874,73.6879612796434,NVIDIA GeForce RTX 3060 Ti,6661,8192,92
2025-11-04T01:09:38.994442,32,simple,short,1831,24.998040437698364,0.01365267091081287,73.24574118372716,NVIDIA GeForce RTX 3060 Ti,6661,8192,91
2025-11-04T01:11:35.237830,128,simple,short,8592,116.20238614082336,0.013524486282684283,73.93996186608015,NVIDIA GeForce RTX 3060 Ti,6661,8192,94
2025-11-04T01:11:35.547829,1,simple,short,13,0.27050089836120605,0.020807761412400465,48.05899011337405,NVIDIA GeForce RTX 3060 Ti,6661,8192,94
2025-11-04T01:11:40.414234,8,simple,short,346,4.82537055015564,0.013946157659409363,71.70433781273854,NVIDIA GeForce RTX 3060 Ti,6661,8192,94
2025-11-04T01:12:06.730275,32,simple,short,1920,26.266542196273804,0.01368049072722594,73.09679308578245,NVIDIA GeForce RTX 3060 Ti,6661,8192,91
2025-11-04T01:14:09.030971,128,simple,short,9060,122.25419545173645,0.013493840557586805,74.10788616720077,NVIDIA GeForce RTX 3060 Ti,6661,8192,94
2025-11-04T01:14:09.340971,1,simple,short,13,0.27049922943115234,0.020807633033165567,48.05928662842557,NVIDIA GeForce RTX 3060 Ti,6661,8192,94
2025-11-04T01:14:14.313505,8,simple,short,355,4.93050742149353,0.013888753299981776,72.00070289975646,NVIDIA GeForce RTX 3060 Ti,6661,8192,93
2025-11-04T01:14:48.254059,32,simple,short,2490,33.89505624771118,0.01361247238863903,73.4620406528501,NVIDIA GeForce RTX 3060 Ti,6661,8192,93
2025-11-04T01:16:46.226748,128,simple,short,8712,117.93619108200073,0.013537212015840305,73.8704541843527,NVIDIA GeForce RTX 3060 Ti,6661,8192,92
2025-11-04T01:16:46.505749,1,simple,short,10,0.22950124740600586,0.022950124740600587,43.57274791761462,NVIDIA GeForce RTX 3060 Ti,6661,8192,92
2025-11-04T01:16:57.846267,8,simple,short,830,11.2985200881958,0.013612674805055182,73.46094829420605,NVIDIA GeForce RTX 3060 Ti,6661,8192,88
2025-11-04T01:17:28.780816,32,simple,short,2273,30.889047384262085,0.01358955010306295,73.58595335504226,NVIDIA GeForce RTX 3060 Ti,6661,8192,94
2025-11-04T01:19:27.328006,128,simple,short,8720,118.51019167900085,0.013590618311812025,73.58016957410018,NVIDIA GeForce RTX 3060 Ti,6661,8192,94
2025-11-04T01:19:27.623006,1,simple,short,11,0.24400115013122559,0.022181922739202328,45.08175471338607,NVIDIA GeForce RTX 3060 Ti,6661,8192,94
2025-11-04T01:19:34.606328,8,simple,short,506,6.942013263702393,0.013719393801783384,72.88951789327675,NVIDIA GeForce RTX 3060 Ti,6661,8192,94
2025-11-04T01:20:02.318872,32,simple,short,2018,27.671547174453735,0.013712362326290256,72.92689444784676,NVIDIA GeForce RTX 3060 Ti,6661,8192,94
2025-11-04T01:21:58.138557,128,simple,short,8569,115.77818608283997,0.013511283239915971,74.01221499418578,NVIDIA GeForce RTX 3060 Ti,6661,8192,94
2025-11-04T01:21:59.145558,1,simple,short,66,0.9660015106201172,0.01463638652454723,68.32287452390402,NVIDIA GeForce RTX 3060 Ti,6661,8192,94
2025-11-04T01:22:01.916563,8,simple,short,188,2.7295053005218506,0.014518645215541758,68.87694996014719,NVIDIA GeForce RTX 3060 Ti,6661,8192,92
2025-11-04T01:22:37.354655,32,simple,short,2604,35.403058767318726,0.013595644687910417,73.55296662682166,NVIDIA GeForce RTX 3060 Ti,6661,8192,92
2025-11-04T01:24:29.305729,128,simple,short,8276,111.90357041358948,0.013521456067374272,73.95653212325895,NVIDIA GeForce RTX 3060 Ti,6661,8192,94
2025-11-04T01:24:29.599729,1,simple,short,12,0.2550771236419678,0.021256426970163982,47.04459509604429,NVIDIA GeForce RTX 3060 Ti,6661,8192,94
2025-11-04T01:24:38.198244,8,simple,short,628,8.561014175415039,0.013632188177412482,73.35579490143228,NVIDIA GeForce RTX 3060 Ti,6661,8192,90
2025-11-04T01:25:10.493795,32,simple,short,2374,32.256552934646606,0.01358742752091264,73.59744870475909,NVIDIA GeForce RTX 3060 Ti,6661,8192,94
2025-11-04T01:27:09.703839,128,simple,short,8832,119.17054224014282,0.013493041467407475,74.11227501342127,NVIDIA GeForce RTX 3060 Ti,6661,8192,92
2025-11-04T01:27:13.390347,1,simple,short,265,3.6390042304992676,0.013732091435846293,72.82211924322009,NVIDIA GeForce RTX 3060 Ti,6661,8192,94
2025-11-04T01:27:21.163857,8,simple,short,568,7.736510515213013,0.013620617104248263,73.41811258229266,NVIDIA GeForce RTX 3060 Ti,6661,8192,93
2025-11-04T01:27:54.001962,32,simple,short,2410,32.79610061645508,0.013608340504753144,73.484345842957,NVIDIA GeForce RTX 3060 Ti,6661,8192,94
2025-11-04T01:29:49.825533,128,simple,short,8583,115.78457593917847,0.013489989041032095,74.12904465365614,NVIDIA GeForce RTX 3060 Ti,6661,8192,94
2025-11-04T01:29:50.104534,1,simple,short,10,0.23350286483764648,0.023350286483764648,42.82602702520569,NVIDIA GeForce RTX 3060 Ti,6661,8192,94
2025-11-04T01:30:01.984054,8,simple,short,876,11.834019660949707,0.013509154864097839,74.0238756650586,NVIDIA GeForce RTX 3060 Ti,6661,8192,94
2025-11-04T01:30:34.540146,32,simple,short,2385,32.512085914611816,0.01363190185099028,73.35733567707251,NVIDIA GeForce RTX 3060 Ti,6661,8192,94
2025-11-04T01:32:31.880352,128,simple,short,8675,117.30307149887085,0.01352196789612344,73.95373274674658,NVIDIA GeForce RTX 3060 Ti,6661,8192,93
2025-11-04T01:32:32.251852,1,simple,short,17,0.32500243186950684,0.01911779010997099,52.307300909138256,NVIDIA GeForce RTX 3060 Ti,6661,8192,93
2025-11-04T01:32:40.162428,8,simple,short,572,7.873074769973755,0.013764116730723348,72.652682301645,NVIDIA GeForce RTX 3060 Ti,6661,8192,93
2025-11-04T01:33:10.236473,32,simple,short,2203,30.033544540405273,0.01363302067199513,73.35131546115777,NVIDIA GeForce RTX 3060 Ti,6661,8192,94
2025-11-04T01:35:09.966428,128,simple,short,8863,119.68795418739319,0.013504225904027212,74.05089392808375,NVIDIA GeForce RTX 3060 Ti,6661,8192,90
2025-11-04T01:35:10.260927,1,simple,short,11,0.24449777603149414,0.02222707054831765,44.99018428119801,NVIDIA GeForce RTX 3060 Ti,6661,8192,90
2025-11-04T01:35:14.579934,8,simple,short,305,4.273010730743408,0.014009871248339044,71.3782434023836,NVIDIA GeForce RTX 3060 Ti,6661,8192,94
2025-11-04T01:35:42.406980,32,simple,short,2036,27.78304386138916,0.013645895806183281,73.282107250656,NVIDIA GeForce RTX 3060 Ti,6661,8192,92
2025-11-04T01:37:46.880633,128,simple,short,9211,124.42412996292114,0.013508210830845852,74.0290488890291,NVIDIA GeForce RTX 3060 Ti,6661,8192,93
2025-11-04T01:37:47.128634,1,simple,short,8,0.20349884033203125,0.025437355041503906,39.31226333745735,NVIDIA GeForce RTX 3060 Ti,6661,8192,93
2025-11-04T01:37:51.883641,8,simple,short,338,4.713505744934082,0.013945283269035746,71.70883378327714,NVIDIA GeForce RTX 3060 Ti,6661,8192,93
2025-11-04T01:38:23.495691,32,simple,short,2321,31.57004976272583,0.013601917174806476,73.51904787747156,NVIDIA GeForce RTX 3060 Ti,6661,8192,94
2025-11-04T01:40:17.002874,128,simple,short,8378,113.46918177604675,0.013543707540707418,73.83502611780169,NVIDIA GeForce RTX 3060 Ti,6661,8192,94
2025-11-04T01:40:17.312403,1,simple,short,13,0.270003080368042,0.020769467720618613,48.147598843241575,NVIDIA GeForce RTX 3060 Ti,6661,8192,94
2025-11-04T01:40:23.074912,8,simple,short,415,5.721508979797363,0.013786768626017742,72.53331270917587,NVIDIA GeForce RTX 3060 Ti,6661,8192,92
2025-11-04T01:40:46.400950,32,simple,short,1701,23.28753685951233,0.013690497859795607,73.04336264765534,NVIDIA GeForce RTX 3060 Ti,6668,8192,94
2025-11-04T01:42:36.122125,128,simple,short,8088,109.68067717552185,0.013560914586488854,73.74133902416361,NVIDIA GeForce RTX 3060 Ti,6669,8192,94
2025-11-04T01:42:36.432174,1,simple,short,13,0.26904964447021484,0.020696126497708835,48.3182203254655,NVIDIA GeForce RTX 3060 Ti,6669,8192,94
2025-11-04T01:42:42.226684,8,simple,short,417,5.743511438369751,0.013773408725107317,72.60366841340566,NVIDIA GeForce RTX 3060 Ti,6669,8192,94
2025-11-04T01:43:10.910269,32,simple,short,2094,28.639048099517822,0.013676718290123124,73.11695530953263,NVIDIA GeForce RTX 3060 Ti,6669,8192,93
2025-11-04T01:45:13.397047,128,simple,short,9039,122.451730966568,0.013547044027720764,73.81684136803133,NVIDIA GeForce RTX 3060 Ti,6669,8192,94
2025-11-04T01:45:14.374062,1,simple,short,63,0.9255144596099854,0.014690705708095006,68.07024930388272,NVIDIA GeForce RTX 3060 Ti,6669,8192,92
2025-11-04T01:45:19.718655,8,simple,short,383,5.304594039916992,0.013850114986728439,72.20156662657512,NVIDIA GeForce RTX 3060 Ti,6669,8192,93
2025-11-04T01:45:50.371201,32,simple,short,2246,30.615036010742188,0.013630915409947545,73.36264439512416,NVIDIA GeForce RTX 3060 Ti,6669,8192,92
2025-11-04T01:47:56.093023,128,simple,short,9290,125.68357491493225,0.013528910109249974,73.91578419286569,NVIDIA GeForce RTX 3060 Ti,6669,8192,92
2025-11-04T01:47:56.402825,1,simple,short,13,0.2700014114379883,0.020769339341383714,48.1478964527033,NVIDIA GeForce RTX 3060 Ti,6669,8192,92
2025-11-04T01:48:07.043111,8,simple,short,784,10.590493440628052,0.013508282449780678,74.02865639785583,NVIDIA GeForce RTX 3060 Ti,6669,8192,94
2025-11-04T01:48:39.837684,32,simple,short,2405,32.74807286262512,0.013616662312941839,73.4394359658577,NVIDIA GeForce RTX 3060 Ti,6669,8192,91
2025-11-04T01:50:29.452102,128,simple,short,8097,109.56692147254944,0.01353179220360003,73.90004109980035,NVIDIA GeForce RTX 3060 Ti,6661,8192,94
2025-11-04T01:50:29.731607,1,simple,short,10,0.23300671577453613,0.023300671577453615,42.917217929788265,NVIDIA GeForce RTX 3060 Ti,6661,8192,94
2025-11-04T01:50:38.529263,8,simple,short,645,8.747654914855957,0.01356225568194722,73.73404715641105,NVIDIA GeForce RTX 3060 Ti,6661,8192,92
2025-11-04T01:51:12.716360,32,simple,short,2515,34.14159536361694,0.013575187023306935,73.6638101768412,NVIDIA GeForce RTX 3060 Ti,6661,8192,94
2025-11-04T01:53:17.845051,128,simple,short,9227,125.0871856212616,0.013556647406661059,73.76455033481581,NVIDIA GeForce RTX 3060 Ti,6661,8192,90
2025-11-04T01:53:18.138592,1,simple,short,12,0.2575061321258545,0.02145884434382121,46.60083199158564,NVIDIA GeForce RTX 3060 Ti,6661,8192,90
2025-11-04T01:53:26.750242,8,simple,short,627,8.576146841049194,0.013678065137239544,73.1097556537749,NVIDIA GeForce RTX 3060 Ti,6661,8192,93
2025-11-04T01:54:02.058944,32,simple,short,2598,35.265700340270996,0.013574172571312932,73.66931536684281,NVIDIA GeForce RTX 3060 Ti,6661,8192,94
2025-11-04T01:55:56.119293,128,simple,short,8404,114.02284526824951,0.013567687442676049,73.70452807267523,NVIDIA GeForce RTX 3060 Ti,6661,8192,93
2025-11-04T01:56:01.057879,1,simple,long,355,4.899585962295532,0.013801650598015584,72.45510186613339,NVIDIA GeForce RTX 3060 Ti,6661,8192,93
2025-11-04T01:56:51.755605,8,simple,long,3682,50.65555286407471,0.01375761892017238,72.68699662364759,NVIDIA GeForce RTX 3060 Ti,6669,8192,93
2025-11-04T02:00:02.020438,32,simple,long,13906,190.21983098983765,0.013678975333657245,73.10489094453521,NVIDIA GeForce RTX 3060 Ti,6669,8192,94
2025-11-04T02:12:51.999410,128,simple,long,56292,769.9329752922058,0.013677484816531759,73.11285762067276,NVIDIA GeForce RTX 3060 Ti,6661,8192,95
2025-11-04T02:12:59.356539,1,simple,long,526,7.312626838684082,0.013902332392935517,71.93037626608259,NVIDIA GeForce RTX 3060 Ti,6661,8192,95
2025-11-04T02:13:43.422811,8,simple,long,3221,44.02427339553833,0.013667889908580668,73.16418311009386,NVIDIA GeForce RTX 3060 Ti,6661,8192,94
2025-11-04T02:17:04.224325,32,simple,long,14654,200.76101636886597,0.013700083005927798,72.99225848247171,NVIDIA GeForce RTX 3060 Ti,6661,8192,94
2025-11-04T02:30:22.298792,128,simple,long,58316,798.0389668941498,0.013684734324956269,73.07412597527322,NVIDIA GeForce RTX 3060 Ti,6656,8192,94
2025-11-04T02:30:27.813888,1,simple,long,396,5.475596904754639,0.013827264910996562,72.32088243313534,NVIDIA GeForce RTX 3060 Ti,6656,8192,92
2025-11-04T02:31:17.503216,8,simple,long,3625,49.645368576049805,0.013695274089944774,73.0178887572766,NVIDIA GeForce RTX 3060 Ti,6669,8192,93
2025-11-04T02:34:29.281605,32,simple,long,14002,191.72888779640198,0.013692964419111697,73.0302051033061,NVIDIA GeForce RTX 3060 Ti,6669,8192,94
2025-11-04T02:47:28.699782,128,simple,long,56948,779.3821761608124,0.013685856854688705,73.06813235134818,NVIDIA GeForce RTX 3060 Ti,6656,8192,94
2025-11-04T02:47:35.977555,1,simple,long,520,7.2357337474823,0.013914872591312116,71.86555201550028,NVIDIA GeForce RTX 3060 Ti,6656,8192,94
2025-11-04T02:48:30.063646,8,simple,long,3936,54.04708981513977,0.013731476070919657,72.82538270723765,NVIDIA GeForce RTX 3060 Ti,6661,8192,94
2025-11-04T02:51:56.078203,32,simple,long,15008,205.9780614376068,0.013724551001972736,72.86212859395272,NVIDIA GeForce RTX 3060 Ti,6661,8192,94
2025-11-04T03:04:58.748501,128,simple,long,57170,782.630295753479,0.013689527650052108,73.04853940641215,NVIDIA GeForce RTX 3060 Ti,6661,8192,95
2025-11-04T03:05:04.120266,1,simple,long,385,5.327572584152222,0.013837850867927848,72.26555695275715,NVIDIA GeForce RTX 3060 Ti,6669,8192,94
2025-11-04T03:05:47.253662,8,simple,long,3150,43.09886193275452,0.01368217839135064,73.0877767704127,NVIDIA GeForce RTX 3060 Ti,6669,8192,94
2025-11-04T03:09:03.792923,32,simple,long,14334,196.48825645446777,0.013707845434244996,72.95092469468585,NVIDIA GeForce RTX 3060 Ti,6669,8192,94
2025-11-04T03:22:12.749686,128,simple,long,57633,788.9137632846832,0.013688577087513807,73.05361204505043,NVIDIA GeForce RTX 3060 Ti,6656,8192,92
2025-11-04T03:22:19.484198,1,simple,long,481,6.690012216567993,0.013908549306794164,71.89822446195102,NVIDIA GeForce RTX 3060 Ti,6661,8192,95
2025-11-04T03:23:08.826586,8,simple,long,3592,49.292391538619995,0.01372282615217706,72.87128678237718,NVIDIA GeForce RTX 3060 Ti,6661,8192,94
2025-11-04T03:26:25.826412,32,simple,long,14362,196.95532870292664,0.01371364216007009,72.9200885022137,NVIDIA GeForce RTX 3060 Ti,6669,8192,95
2025-11-04T03:39:37.197627,128,simple,long,57800,791.3292138576508,0.013690816848748283,73.0416607750784,NVIDIA GeForce RTX 3060 Ti,6656,8192,94
2025-11-04T03:39:42.480140,1,simple,long,379,5.2350053787231445,0.013812679099533362,72.39725130758907,NVIDIA GeForce RTX 3060 Ti,6656,8192,94
2025-11-04T03:40:26.202813,8,simple,long,3188,43.67667841911316,0.013700338274502245,72.99089847008406,NVIDIA GeForce RTX 3060 Ti,6664,8192,94
2025-11-04T03:43:43.013648,32,simple,long,14358,196.76083302497864,0.01370391649428741,72.9718398690519,NVIDIA GeForce RTX 3060 Ti,6669,8192,92
2025-11-04T03:56:38.077199,128,simple,long,56631,775.022552728653,0.013685482381180855,73.07013170212527,NVIDIA GeForce RTX 3060 Ti,6661,8192,93
2025-11-04T03:56:42.365706,1,simple,long,308,4.2410972118377686,0.013769796142330417,72.62271639053901,NVIDIA GeForce RTX 3060 Ti,6669,8192,94
2025-11-04T03:57:28.755504,8,simple,long,3385,46.34779620170593,0.013692111137874722,73.03475628632819,NVIDIA GeForce RTX 3060 Ti,6669,8192,93
2025-11-04T04:00:42.199977,32,simple,long,14118,193.40575742721558,0.013699232003627678,72.99679279358077,NVIDIA GeForce RTX 3060 Ti,6669,8192,75
2025-11-04T04:13:45.397090,128,simple,long,57251,783.1563286781311,0.01367934758655973,73.10290155815053,NVIDIA GeForce RTX 3060 Ti,6661,8192,94
2025-11-04T04:13:52.413239,1,simple,long,501,6.975146055221558,0.013922447216011094,71.82645295648742,NVIDIA GeForce RTX 3060 Ti,6669,8192,94
2025-11-04T04:14:40.909487,8,simple,long,3531,48.44574809074402,0.013720121237820453,72.8856533164905,NVIDIA GeForce RTX 3060 Ti,6669,8192,93
2025-11-04T04:17:53.894299,32,simple,long,14075,192.9437975883484,0.013708262706099353,72.94870410931505,NVIDIA GeForce RTX 3060 Ti,6669,8192,95
2025-11-04T04:31:04.565853,128,simple,long,57770,790.6326205730438,0.013685868453748378,73.06807042457822,NVIDIA GeForce RTX 3060 Ti,6656,8192,94
2025-11-04T04:31:09.491929,1,simple,long,354,4.887070894241333,0.013805285011981167,72.43602715424795,NVIDIA GeForce RTX 3060 Ti,6661,8192,93
2025-11-04T04:31:57.726172,8,simple,long,3516,48.195744037628174,0.013707549498756591,72.95249964924145,NVIDIA GeForce RTX 3060 Ti,6661,8192,94
2025-11-04T04:35:10.597916,32,simple,long,14084,192.83573842048645,0.013691830333746553,73.0362541475027,NVIDIA GeForce RTX 3060 Ti,6661,8192,94
2025-11-04T04:48:25.942079,128,simple,long,57981,795.2971649169922,0.013716513425380593,72.90482420624707,NVIDIA GeForce RTX 3060 Ti,6661,8192,94
2025-11-04T04:48:30.600652,1,simple,long,335,4.619145631790161,0.013788494423254213,72.52423428576118,NVIDIA GeForce RTX 3060 Ti,6661,8192,95
2025-11-04T04:49:19.417918,8,simple,long,3557,48.7822642326355,0.013714440324047089,72.91584464052727,NVIDIA GeForce RTX 3060 Ti,6661,8192,95
2025-11-04T04:52:22.710658,32,simple,long,13396,183.2482397556305,0.013679325153451067,73.1030214416474,NVIDIA GeForce RTX 3060 Ti,6661,8192,92
2025-11-04T05:05:20.576401,128,simple,long,56839,777.825742483139,0.013684718986666532,73.0742078791923,NVIDIA GeForce RTX 3060 Ti,6656,8192,94
2025-11-04T05:05:26.321419,1,simple,long,411,5.6980204582214355,0.01386379673533196,72.13031315234842,NVIDIA GeForce RTX 3060 Ti,6661,8192,94
2025-11-04T05:06:07.680892,8,simple,long,3025,41.31346035003662,0.013657342264474915,73.22068823018158,NVIDIA GeForce RTX 3060 Ti,6661,8192,94
2025-11-04T05:09:24.392461,32,simple,long,14351,196.67366194725037,0.013704526649519223,72.96859100457013,NVIDIA GeForce RTX 3060 Ti,6661,8192,92
2025-11-04T05:22:36.844584,128,simple,long,57895,792.4151203632355,0.013687108046692037,73.06145290799283,NVIDIA GeForce RTX 3060 Ti,6656,8192,94
2025-11-04T05:22:43.904106,1,simple,long,504,7.017521619796753,0.01392365400753324,71.82022761115444,NVIDIA GeForce RTX 3060 Ti,6656,8192,94
2025-11-04T05:23:40.763309,8,simple,long,4130,56.81469488143921,0.013756584717055499,72.69246114264057,NVIDIA GeForce RTX 3060 Ti,6661,8192,92
2025-11-04T05:26:54.678489,32,simple,long,14146,193.8718500137329,0.013705065037023392,72.96572451853102,NVIDIA GeForce RTX 3060 Ti,6661,8192,94
2025-11-04T05:39:55.618143,128,simple,long,57088,780.8991568088531,0.013678866956433106,73.10547015224128,NVIDIA GeForce RTX 3060 Ti,6661,8192,94
2025-11-04T05:40:01.935165,1,simple,long,451,6.272022008895874,0.013906922414403269,71.90663542958357,NVIDIA GeForce RTX 3060 Ti,6661,8192,94
2025-11-04T05:40:48.834824,8,simple,long,3419,46.85916066169739,0.01370551642635197,72.96332140226929,NVIDIA GeForce RTX 3060 Ti,6661,8192,95
2025-11-04T05:44:04.988491,32,simple,long,14319,196.11816954612732,0.013696359350941219,73.01210302512102,NVIDIA GeForce RTX 3060 Ti,6661,8192,94
2025-11-04T05:57:06.808650,128,simple,long,57174,781.7771594524384,0.013673648152174736,73.13337222597426,NVIDIA GeForce RTX 3060 Ti,6656,8192,94
2025-11-04T05:57:13.671174,1,simple,long,490,6.824522018432617,0.013927595955984933,71.79990022400689,NVIDIA GeForce RTX 3060 Ti,6656,8192,95
2025-11-04T05:58:02.228852,8,simple,long,3542,48.50716829299927,0.013694852708356653,73.02013546956924,NVIDIA GeForce RTX 3060 Ti,6661,8192,95
2025-11-04T06:01:15.139008,32,simple,long,14074,192.8746554851532,0.01370432396512386,72.96967019642125,NVIDIA GeForce RTX 3060 Ti,6661,8192,94
2025-11-04T06:14:26.208563,128,simple,long,57816,791.0330572128296,0.01368190565263646,73.08923372142266,NVIDIA GeForce RTX 3060 Ti,6657,8192,94
2025-11-04T06:14:32.324566,1,simple,long,437,6.0645129680633545,0.013877604045911566,72.05854819691348,NVIDIA GeForce RTX 3060 Ti,6665,8192,94
2025-11-04T06:15:18.942362,8,simple,long,3399,46.5715537071228,0.013701545662583938,72.98446647014369,NVIDIA GeForce RTX 3060 Ti,6661,8192,94
2025-11-04T06:18:32.745431,32,simple,long,14153,193.768070936203,0.013690953927520878,73.04092945560568,NVIDIA GeForce RTX 3060 Ti,6661,8192,93
2025-11-04T06:31:42.771730,128,simple,long,57707,789.9858002662659,0.013689600919581088,73.04814843576906,NVIDIA GeForce RTX 3060 Ti,6656,8192,92
2025-11-04T06:31:50.405852,1,simple,long,547,7.597623348236084,0.013889622208841105,71.99619867007428,NVIDIA GeForce RTX 3060 Ti,6656,8192,95
2025-11-04T06:32:35.821587,8,simple,long,3318,45.3692364692688,0.013673669821961663,73.13325632551636,NVIDIA GeForce RTX 3060 Ti,6656,8192,94
2025-11-04T06:35:45.209657,32,simple,long,13834,189.34507012367249,0.013686935819262143,73.06237226543155,NVIDIA GeForce RTX 3060 Ti,6656,8192,95
2025-11-04T06:48:48.929852,128,simple,long,57287,783.6751971244812,0.013679808632403184,73.10043779642598,NVIDIA GeForce RTX 3060 Ti,6656,8192,94
2025-11-04T06:48:56.611476,1,simple,long,550,7.638121604919434,0.013887493827126243,72.00723272666478,NVIDIA GeForce RTX 3060 Ti,6656,8192,94
2025-11-04T06:49:43.962243,8,simple,long,3450,47.30576729774475,0.013711816608041957,72.92979687414297,NVIDIA GeForce RTX 3060 Ti,6656,8192,92
2025-11-04T06:53:04.877501,32,simple,long,14646,200.8697555065155,0.013714990817050082,72.91291794062514,NVIDIA GeForce RTX 3060 Ti,6656,8192,95
2025-11-04T07:06:14.765296,128,simple,long,57718,789.8357970714569,0.013684393032874612,73.0759484617006,NVIDIA GeForce RTX 3060 Ti,6656,8192,94
2025-11-04T07:06:20.339885,1,simple,long,400,5.534588098526001,0.013836470246315003,72.27276770723552,NVIDIA GeForce RTX 3060 Ti,6656,8192,94
2025-11-04T07:07:09.051674,8,simple,long,3548,48.66229057312012,0.013715414479458883,72.91066569644443,NVIDIA GeForce RTX 3060 Ti,6656,8192,94
2025-11-04T07:10:27.207387,32,simple,long,14468,198.1182107925415,0.013693545119749897,73.02710811955643,NVIDIA GeForce RTX 3060 Ti,6656,8192,94
2025-11-04T07:23:37.249111,128,simple,long,57682,789.992173910141,0.013695644636284126,73.01591320138968,NVIDIA GeForce RTX 3060 Ti,6619,8192,92
2025-11-04T07:23:44.280766,1,simple,long,502,6.986635684967041,0.013917600966069803,71.85146365655505,NVIDIA GeForce RTX 3060 Ti,6619,8192,94
2025-11-04T07:24:34.918439,8,simple,long,3691,50.58917307853699,0.013706088615154969,72.96027539864943,NVIDIA GeForce RTX 3060 Ti,6619,8192,94
2025-11-04T07:27:56.435124,32,simple,long,14707,201.47618746757507,0.013699339597985659,72.99621947813013,NVIDIA GeForce RTX 3060 Ti,6619,8192,95
2025-11-04T07:40:55.660276,128,simple,long,56978,779.1831510066986,0.013675157973370398,73.12529785376502,NVIDIA GeForce RTX 3060 Ti,6624,8192,94
2025-11-04T07:41:02.831200,1,simple,long,512,7.124022722244263,0.013914106879383326,71.86950687303619,NVIDIA GeForce RTX 3060 Ti,6624,8192,94
2025-11-04T07:41:53.663873,8,simple,long,3701,50.79667329788208,0.013725121128852224,72.85910197891462,NVIDIA GeForce RTX 3060 Ti,6624,8192,94
2025-11-04T07:45:16.580564,32,simple,long,14789,202.88219213485718,0.0137184523723617,72.89451993977693,NVIDIA GeForce RTX 3060 Ti,6624,8192,95
2025-11-04T07:58:20.733759,128,simple,long,57315,784.1066677570343,0.013680653716427363,73.09592222184725,NVIDIA GeForce RTX 3060 Ti,6619,8192,94
2025-11-04T07:58:27.253826,1,simple,long,456,6.47001838684082,0.014188636813247413,70.47893417543371,NVIDIA GeForce RTX 3060 Ti,6619,8192,95
2025-11-04T07:59:18.252928,8,simple,long,3709,50.96260333061218,0.01374025433556543,72.7788566046837,NVIDIA GeForce RTX 3060 Ti,6619,8192,94
2025-11-04T08:07:55.564257,1,moderate,short,201,2.7735073566436768,0.013798544062903864,72.47141404493604,NVIDIA GeForce RTX 3060 Ti,7032,8192,94
2025-11-04T08:08:11.254601,8,moderate,short,1159,15.649347066879272,0.013502456485659424,74.06059786691938,NVIDIA GeForce RTX 3060 Ti,7032,8192,94
2025-11-04T08:09:12.901011,32,moderate,short,4546,61.60570931434631,0.01355162985357376,73.79186199778661,NVIDIA GeForce RTX 3060 Ti,7037,8192,92
2025-11-04T08:12:40.817145,128,moderate,short,15409,207.87512016296387,0.013490500367510148,74.12623496222204,NVIDIA GeForce RTX 3060 Ti,7037,8192,94
2025-11-04T08:12:41.173782,1,moderate,short,16,0.30913853645324707,0.019321158528327942,51.75673076403976,NVIDIA GeForce RTX 3060 Ti,7037,8192,85
2025-11-04T08:12:51.492817,8,moderate,short,738,10.263535022735596,0.013907229028097013,71.90505009874238,NVIDIA GeForce RTX 3060 Ti,7097,8192,92
2025-11-04T08:13:51.687739,32,moderate,short,4421,60.14941668510437,0.01360538717147803,73.50029715408418,NVIDIA GeForce RTX 3060 Ti,7036,8192,93
2025-11-04T08:17:49.889522,1,moderate,short,9,0.21750092506408691,0.024166769451565213,41.37913435240856,NVIDIA GeForce RTX 3060 Ti,6982,8192,99
2025-11-04T08:18:00.978050,8,moderate,short,818,11.042029857635498,0.013498814006889362,74.08058215259742,NVIDIA GeForce RTX 3060 Ti,6974,8192,94
2025-11-04T08:18:46.100111,32,moderate,short,3345,45.08205962181091,0.01347744682266395,74.19802972758754,NVIDIA GeForce RTX 3060 Ti,6974,8192,94
2025-11-04T08:22:21.283552,128,moderate,short,15980,215.1359097957611,0.01346282289084863,74.27862700918031,NVIDIA GeForce RTX 3060 Ti,6962,8192,95
2025-11-04T08:22:23.048055,1,moderate,short,122,1.7125015258789062,0.014036897753105789,71.24081243512236,NVIDIA GeForce RTX 3060 Ti,6962,8192,91
2025-11-04T08:22:34.572397,8,moderate,short,846,11.48730731010437,0.013578377435111548,73.64650193138374,NVIDIA GeForce RTX 3060 Ti,6962,8192,94
2025-11-04T08:23:33.150953,32,moderate,short,4323,58.53855562210083,0.013541187976428597,73.84876435809907,NVIDIA GeForce RTX 3060 Ti,6962,8192,94
2025-11-04T08:27:20.325112,128,moderate,short,16843,227.13065695762634,0.013485166357396328,74.15555533369607,NVIDIA GeForce RTX 3060 Ti,6957,8192,91
2025-11-04T08:27:22.307615,1,moderate,short,139,1.9385054111480713,0.013946082094590442,71.70472633227155,NVIDIA GeForce RTX 3060 Ti,6957,8192,94
2025-11-04T08:27:32.999635,8,moderate,short,786,10.642019510269165,0.013539465025787742,73.85816190635042,NVIDIA GeForce RTX 3060 Ti,6957,8192,92
2025-11-04T08:28:32.033553,32,moderate,short,4344,58.988882064819336,0.013579392740520104,73.6409955222857,NVIDIA GeForce RTX 3060 Ti,6957,8192,94
2025-11-04T08:32:10.259796,128,moderate,short,16199,218.1804177761078,0.013468758428057769,74.24589321587548,NVIDIA GeForce RTX 3060 Ti,6957,8192,94
2025-11-04T08:32:10.584295,1,moderate,short,14,0.28299927711486816,0.02021423407963344,49.4700910289515,NVIDIA GeForce RTX 3060 Ti,6957,8192,94
2025-11-04T08:32:29.866833,8,moderate,short,1420,19.238036394119263,0.013547912953605114,73.81210695879906,NVIDIA GeForce RTX 3060 Ti,6957,8192,94
2025-11-04T08:33:28.913696,32,moderate,short,4374,58.99560809135437,0.013487793345074158,74.14111222019926,NVIDIA GeForce RTX 3060 Ti,6957,8192,92
2025-11-04T08:36:59.532896,128,moderate,short,15645,210.57066535949707,0.013459294685809975,74.29809832860646,NVIDIA GeForce RTX 3060 Ti,6957,8192,94
2025-11-04T08:37:00.167992,1,moderate,short,38,0.595595121383667,0.015673555825885973,63.80173147106989,NVIDIA GeForce RTX 3060 Ti,6957,8192,93
2025-11-04T08:37:26.316395,8,moderate,short,1920,26.104900360107422,0.013596302270889283,73.54940924938658,NVIDIA GeForce RTX 3060 Ti,6957,8192,94
2025-11-04T08:38:15.580117,32,moderate,short,3642,49.21771812438965,0.013513925899063604,73.99774184563874,NVIDIA GeForce RTX 3060 Ti,6957,8192,91
2025-11-04T08:42:02.279613,128,moderate,short,16841,226.6569962501526,0.013458642375758719,74.30169938991531,NVIDIA GeForce RTX 3060 Ti,6957,8192,93
2025-11-04T08:42:10.949246,1,moderate,long,623,8.630634546279907,0.013853345981187652,72.18472716684938,NVIDIA GeForce RTX 3060 Ti,6957,8192,93
2025-11-04T08:43:04.805800,8,moderate,long,3906,53.816978454589844,0.013778028278184805,72.57932556165038,NVIDIA GeForce RTX 3060 Ti,6952,8192,94
2025-11-04T08:46:52.313303,32,moderate,long,16550,227.4735038280487,0.013744622587797505,72.75572636587354,NVIDIA GeForce RTX 3060 Ti,6952,8192,94
2025-11-04T09:02:05.194363,128,moderate,long,66460,912.8320600986481,0.013735059586196932,72.80638236218148,NVIDIA GeForce RTX 3060 Ti,6952,8192,92
2025-11-04T09:02:13.248983,1,moderate,long,577,8.004121541976929,0.013871961077949616,72.0878608569314,NVIDIA GeForce RTX 3060 Ti,6957,8192,94
2025-11-04T09:03:11.742885,8,moderate,long,4250,58.448402881622314,0.013752565383911133,72.71370628565643,NVIDIA GeForce RTX 3060 Ti,6957,8192,94
2025-11-04T09:07:04.927477,32,moderate,long,16958,233.139089345932,0.013748029799854464,72.73769511399996,NVIDIA GeForce RTX 3060 Ti,6957,8192,94
2025-11-04T09:22:41.443074,128,moderate,long,68214,936.4720981121063,0.013728444279944093,72.84146547186717,NVIDIA GeForce RTX 3060 Ti,6957,8192,94
2025-11-04T09:22:48.843186,1,moderate,long,528,7.354110479354858,0.013928239544232687,71.79658253465877,NVIDIA GeForce RTX 3060 Ti,6957,8192,94
2025-11-04T09:23:52.731190,8,moderate,long,4636,63.83998346328735,0.013770488236256978,72.61906642983449,NVIDIA GeForce RTX 3060 Ti,6957,8192,94
2025-11-04T09:27:40.690141,32,moderate,long,16569,227.91244554519653,0.01375535310188886,72.69896981871601,NVIDIA GeForce RTX 3060 Ti,6952,8192,93
2025-11-04T10:05:21.956398,1,complex,short,437,7.664560794830322,0.01753904072043552,57.01566100105209,NVIDIA GeForce RTX 3060 Ti,6952,8192,95
2025-11-04T10:06:05.369231,8,complex,short,2509,43.364331007003784,0.017283511760463843,57.85861194525913,NVIDIA GeForce RTX 3060 Ti,6960,8192,95
2025-11-04T10:09:46.504337,32,complex,short,12602,221.09010696411133,0.017544049116339576,56.99938442766067,NVIDIA GeForce RTX 3060 Ti,7027,8192,94
2025-11-04T10:23:15.303231,128,complex,short,45749,808.7443878650665,0.017677859360096755,56.56793504406105,NVIDIA GeForce RTX 3060 Ti,6861,8192,94
2025-11-04T10:23:21.372778,1,complex,short,331,6.016050815582275,0.01817538010749932,55.019482073301525,NVIDIA GeForce RTX 3060 Ti,6935,8192,95
2025-11-04T21:18:16.804854,1,moderate,long,397,5.522008419036865,0.01390934110588631,71.89413160460985,NVIDIA GeForce RTX 3060 Ti,6406,8192,95
2025-11-04T21:19:15.730678,8,moderate,long,4278,58.873074769973755,0.013761822059367403,72.66479654264381,NVIDIA GeForce RTX 3060 Ti,6384,8192,94
2025-11-04T21:23:08.269401,32,moderate,long,16885,232.48822140693665,0.013768920426824795,72.62733525947225,NVIDIA GeForce RTX 3060 Ti,6367,8192,93
2025-11-04T21:38:32.767273,128,moderate,long,67212,924.4578404426575,0.013754356966652644,72.70423491439796,NVIDIA GeForce RTX 3060 Ti,6367,8192,91
2025-11-04T21:38:40.897529,1,moderate,long,581,8.07575535774231,0.013899751046028072,71.94373458118557,NVIDIA GeForce RTX 3060 Ti,6367,8192,94
2025-11-04T21:39:39.688670,8,moderate,long,4270,58.752641677856445,0.013759400861324694,72.67758313596545,NVIDIA GeForce RTX 3060 Ti,6367,8192,94
2025-11-04T21:43:26.531930,32,moderate,long,16487,226.80721879005432,0.013756730684178705,72.69168983224165,NVIDIA GeForce RTX 3060 Ti,6367,8192,93
2025-11-04T21:58:40.900032,128,moderate,long,66514,914.3276054859161,0.013746393322998408,72.74635437114618,NVIDIA GeForce RTX 3060 Ti,6366,8192,94
2025-11-04T21:58:47.559047,1,moderate,long,475,6.620514869689941,0.013937926041452508,71.74668577132063,NVIDIA GeForce RTX 3060 Ti,6366,8192,94
2025-11-04T21:59:43.912179,8,moderate,long,4089,56.30663084983826,0.013770269222264186,72.62022142480481,NVIDIA GeForce RTX 3060 Ti,6366,8192,95
2025-11-04T22:03:33.554205,32,moderate,long,16701,229.59603023529053,0.013747442083425576,72.74080472072961,NVIDIA GeForce RTX 3060 Ti,6366,8192,94
2025-11-04T22:18:46.593458,128,moderate,long,66466,913.0017530918121,0.013736372778440288,72.79942209849857,NVIDIA GeForce RTX 3060 Ti,6366,8192,92
2025-11-04T22:18:53.453992,1,moderate,long,488,6.8130128383636475,0.01396109188189272,71.62763546431363,NVIDIA GeForce RTX 3060 Ti,6366,8192,94
2025-11-04T22:19:52.314110,8,moderate,long,4279,58.81161904335022,0.013744243758670302,72.75773171362509,NVIDIA GeForce RTX 3060 Ti,6366,8192,95
2025-11-04T22:23:40.835067,32,moderate,long,16467,228.47495532035828,0.013874716421956536,72.07354511530878,NVIDIA GeForce RTX 3060 Ti,6376,8192,94
2025-11-04T22:39:07.053420,128,moderate,long,67381,926.1753549575806,0.013745348910784652,72.75188185404274,NVIDIA GeForce RTX 3060 Ti,6378,8192,95
2025-11-04T22:39:12.722931,1,moderate,long,406,5.6315131187438965,0.013870721967349498,72.09430066826478,NVIDIA GeForce RTX 3060 Ti,6378,8192,94
2025-11-04T22:40:14.776055,8,moderate,long,4504,62.0061252117157,0.013766901689990164,72.63798511229976,NVIDIA GeForce RTX 3060 Ti,6378,8192,94
2025-11-04T22:43:58.196002,32,moderate,long,16258,223.3689489364624,0.013739017648939747,72.78540762899237,NVIDIA GeForce RTX 3060 Ti,6378,8192,94
2025-11-04T22:59:25.401358,128,moderate,long,67542,927.1609728336334,0.013727176761624374,72.84819139180863,NVIDIA GeForce RTX 3060 Ti,6369,8192,94
2025-11-04T22:59:29.027864,1,complex,short,260,3.577507257461548,0.01375964329792903,72.67630260084653,NVIDIA GeForce RTX 3060 Ti,6384,8192,94
2025-11-04T23:00:06.461964,8,complex,short,2735,37.39207720756531,0.013671691849201209,73.14383699033026,NVIDIA GeForce RTX 3060 Ti,6385,8192,94
2025-11-04T23:02:37.995778,32,complex,short,11097,151.491801738739,0.013651599688090385,73.25148867882471,NVIDIA GeForce RTX 3060 Ti,6385,8192,94
2025-11-04T23:13:02.371897,128,complex,short,45800,624.3251152038574,0.013631552733708677,73.35921442956075,NVIDIA GeForce RTX 3060 Ti,6378,8192,94
2025-11-04T23:13:08.363953,1,complex,short,428,5.942512273788452,0.013884374471468347,72.02341034916243,NVIDIA GeForce RTX 3060 Ti,6394,8192,93
2025-11-04T23:13:47.767031,8,complex,short,2885,39.366578340530396,0.013645261123234106,73.28551582624362,NVIDIA GeForce RTX 3060 Ti,6394,8192,95
2025-11-04T23:16:19.081335,32,complex,short,11103,151.2778034210205,0.013624948520311674,73.39477272220364,NVIDIA GeForce RTX 3060 Ti,6394,8192,93
2025-11-04T23:26:58.101333,128,complex,short,46870,638.9709951877594,0.013632835399781511,73.35231231619115,NVIDIA GeForce RTX 3060 Ti,6378,8192,95
2025-11-04T23:27:05.210531,1,complex,short,507,7.0636982917785645,0.0139323437707664,71.77543250822265,NVIDIA GeForce RTX 3060 Ti,6393,8192,92
2025-11-04T23:27:44.837924,8,complex,short,2894,39.591097593307495,0.01368040690853749,73.0972409436106,NVIDIA GeForce RTX 3060 Ti,6393,8192,94
2025-11-04T23:30:33.142684,32,complex,short,12299,168.26104879379272,0.01368087233057913,73.09475418207259,NVIDIA GeForce RTX 3060 Ti,6393,8192,94
2025-11-04T23:41:07.085957,128,complex,short,46439,633.902505159378,0.013650218677391374,73.25889962893291,NVIDIA GeForce RTX 3060 Ti,6378,8192,95
2025-11-04T23:41:12.307554,1,complex,short,374,5.172133922576904,0.013829235087104022,72.310579269313,NVIDIA GeForce RTX 3060 Ti,6408,8192,94
2025-11-04T23:41:55.258050,8,complex,short,3119,42.91349697113037,0.013758735803504448,72.68109616185035,NVIDIA GeForce RTX 3060 Ti,6408,8192,93
2025-11-04T23:44:33.428885,32,complex,short,11588,158.12733435630798,0.01364578308218053,73.28271261367617,NVIDIA GeForce RTX 3060 Ti,6399,8192,95
2025-11-04T23:54:51.948798,128,complex,short,45383,618.4739129543304,0.013627876362389671,73.37900443240068,NVIDIA GeForce RTX 3060 Ti,6385,8192,94
2025-11-04T23:54:55.261836,1,complex,short,237,3.269643545150757,0.013795964325530619,72.48496563226203,NVIDIA GeForce RTX 3060 Ti,6400,8192,94
2025-11-04T23:55:35.965811,8,complex,short,2967,40.65397238731384,0.013702046642168467,72.98179798355594,NVIDIA GeForce RTX 3060 Ti,6400,8192,93
2025-11-04T23:58:11.007659,32,complex,short,11377,155.00174736976624,0.013624131789554912,73.39917254519372,NVIDIA GeForce RTX 3060 Ti,6400,8192,93
2025-11-05T00:08:55.038144,128,complex,short,47226,643.989471912384,0.013636333204429425,73.3334969898781,NVIDIA GeForce RTX 3060 Ti,6385,8192,95
2025-11-05T00:09:04.177779,1,complex,long,656,9.088104009628296,0.013853817087848013,72.18227248554899,NVIDIA GeForce RTX 3060 Ti,6392,8192,94
2025-11-05T00:10:02.699454,8,complex,long,4243,58.47868013381958,0.013782389850063536,72.55635712520424,NVIDIA GeForce RTX 3060 Ti,6399,8192,95
2025-11-05T00:14:19.922940,32,complex,long,18704,257.1824870109558,0.013750132966796183,72.72656943862286,NVIDIA GeForce RTX 3060 Ti,6399,8192,94
2025-11-05T00:31:14.052203,128,complex,long,73797,1014.0837645530701,0.013741531018240173,72.77209494870873,NVIDIA GeForce RTX 3060 Ti,6385,8192,94
2025-11-05T00:31:21.670291,1,complex,long,544,7.572587251663208,0.013920197153792661,71.83806299234365,NVIDIA GeForce RTX 3060 Ti,6407,8192,94
2025-11-05T00:32:25.209037,8,complex,long,4611,63.49573802947998,0.013770491873667313,72.61904724785137,NVIDIA GeForce RTX 3060 Ti,6407,8192,94
2025-11-05T00:36:29.419217,32,complex,long,17734,244.16717767715454,0.013768308203290546,72.63056471680419,NVIDIA GeForce RTX 3060 Ti,6407,8192,94
2025-11-05T00:53:11.718009,128,complex,long,72893,1002.2434558868408,0.013749515809293634,72.72983382615377,NVIDIA GeForce RTX 3060 Ti,6393,8192,94
2025-11-05T00:53:20.668575,1,complex,long,643,8.913565158843994,0.01386246525481181,72.1372412207049,NVIDIA GeForce RTX 3060 Ti,6409,8192,93
2025-11-05T00:54:24.958049,8,complex,long,4667,64.24147653579712,0.013765047468565914,72.64776981580458,NVIDIA GeForce RTX 3060 Ti,6408,8192,94
2025-11-05T00:58:30.567582,32,complex,long,17858,245.57202768325806,0.013751373484335203,72.7200087423372,NVIDIA GeForce RTX 3060 Ti,6408,8192,92
2025-11-05T01:15:16.168303,128,complex,long,73148,1005.556718826294,0.013746879187760349,72.74378325011823,NVIDIA GeForce RTX 3060 Ti,6401,8192,94
2025-11-05T01:15:23.725369,1,complex,long,540,7.510596990585327,0.013908512945528384,71.89841242672188,NVIDIA GeForce RTX 3060 Ti,6408,8192,94
2025-11-05T01:16:30.540419,8,complex,long,4855,66.77399826049805,0.013753655666425963,72.70794211033646,NVIDIA GeForce RTX 3060 Ti,6416,8192,92
2025-11-05T01:20:38.592395,32,complex,long,18028,248.01147270202637,0.013757015348459417,72.69018567403033,NVIDIA GeForce RTX 3060 Ti,6416,8192,94
2025-11-05T01:37:34.140831,128,complex,long,73861,1015.4969375133514,0.013748756955813643,72.73384810087514,NVIDIA GeForce RTX 3060 Ti,6393,8192,94
2025-11-05T01:37:42.162390,1,complex,long,573,7.968559741973877,0.013906736024387219,71.9075991840482,NVIDIA GeForce RTX 3060 Ti,6400,8192,93
2025-11-05T01:38:43.379844,8,complex,long,4440,61.170450925827026,0.01377712858689798,72.58406522756839,NVIDIA GeForce RTX 3060 Ti,6407,8192,94
2025-11-05T01:43:00.305311,32,complex,long,18674,256.8755958080292,0.013755788572776543,72.69666836687608,NVIDIA GeForce RTX 3060 Ti,6423,8192,94
2025-11-05T01:59:38.780904,128,complex,long,72670,998.4315941333771,0.01373925408192345,72.78415509584953,NVIDIA GeForce RTX 3060 Ti,6393,8192,94
