batch_size,prompt_type,prompt_length,total_output_tokens,batch_time,avg_token_latency,avg_throughput,gpu_name,gpu_mem_used_MB,gpu_mem_total_MB,gpu_util_percent
1,simple,short,10.0,0.2315993309020996,0.0231599330902099,43.17801766114404,NVIDIA GeForce RTX 3060 Ti,6710.0,8192,92.0
1,simple,short,53.0,0.7960124015808105,0.015019101916619,66.58187723551374,NVIDIA GeForce RTX 3060 Ti,6710.0,8192,93.0
1,simple,short,9.0,0.2195041179656982,0.0243893464406331,41.00150868880931,NVIDIA GeForce RTX 3060 Ti,6710.0,8192,93.0
1,simple,short,13.0,0.2705023288726806,0.0208078714517446,48.05873596052774,NVIDIA GeForce RTX 3060 Ti,6669.0,8192,92.0
1,simple,short,15.0,0.2975053787231445,0.0198336919148763,50.41925650009456,NVIDIA GeForce RTX 3060 Ti,6669.0,8192,93.0
1,simple,short,13.0,0.2685050964355469,0.0206542381873497,48.41621322119141,NVIDIA GeForce RTX 3060 Ti,6661.0,8192,84.0
1,simple,short,13.0,0.2680039405822754,0.0206156877370981,48.50674945956285,NVIDIA GeForce RTX 3060 Ti,6661.0,8192,92.0
1,simple,short,22.0,0.3915059566497803,0.0177957253022627,56.19327018229762,NVIDIA GeForce RTX 3060 Ti,6661.0,8192,93.0
1,simple,short,8.0,0.2025032043457031,0.0253129005432128,39.50554770650843,NVIDIA GeForce RTX 3060 Ti,6661.0,8192,94.0
1,simple,short,257.0,3.5310535430908203,0.0137395079497697,72.78281024734657,NVIDIA GeForce RTX 3060 Ti,6661.0,8192,93.0
1,simple,short,12.0,0.2565042972564697,0.0213753581047058,46.78284195762076,NVIDIA GeForce RTX 3060 Ti,6661.0,8192,94.0
1,simple,short,12.0,0.2595045566558838,0.0216253797213236,46.24196258685588,NVIDIA GeForce RTX 3060 Ti,6661.0,8192,13.0
1,simple,short,13.0,0.2685046195983886,0.0206542015075683,48.416299203509176,NVIDIA GeForce RTX 3060 Ti,6661.0,8192,10.0
1,simple,short,194.0,2.6735424995422363,0.0137811469048568,72.56290110713283,NVIDIA GeForce RTX 3060 Ti,6661.0,8192,94.0
1,simple,short,85.0,1.2200186252593994,0.0143531602971694,69.67106750679922,NVIDIA GeForce RTX 3060 Ti,6656.0,8192,93.0
1,simple,short,11.0,0.2450025081634521,0.0222729552875865,44.89749954992872,NVIDIA GeForce RTX 3060 Ti,6661.0,8192,93.0
1,simple,short,186.0,2.5645415782928467,0.013787857947811,72.52758215127699,NVIDIA GeForce RTX 3060 Ti,6661.0,8192,94.0
1,simple,short,211.0,2.903005123138428,0.0137583181191394,72.68330266392665,NVIDIA GeForce RTX 3060 Ti,6661.0,8192,94.0
1,simple,short,234.0,3.218505382537842,0.0137542965065719,72.70455450209232,NVIDIA GeForce RTX 3060 Ti,6661.0,8192,94.0
1,simple,short,157.0,2.18650221824646,0.013926765721315,71.80418052624319,NVIDIA GeForce RTX 3060 Ti,6661.0,8192,94.0
1,simple,short,193.0,2.6600024700164795,0.0137823962177019,72.55632360326504,NVIDIA GeForce RTX 3060 Ti,6661.0,8192,94.0
1,simple,short,14.0,0.2809996604919433,0.0200714043208531,49.82212425271382,NVIDIA GeForce RTX 3060 Ti,6661.0,8192,94.0
1,simple,short,254.0,3.49704384803772,0.0137678891655028,72.63277529177276,NVIDIA GeForce RTX 3060 Ti,6661.0,8192,93.0
1,simple,short,9.0,0.215998888015747,0.0239998764461941,41.66688117090616,NVIDIA GeForce RTX 3060 Ti,6661.0,8192,93.0
1,simple,short,181.0,2.498004913330078,0.0138011321178457,72.45782385540218,NVIDIA GeForce RTX 3060 Ti,6661.0,8192,93.0
1,simple,short,64.0,0.9405059814453124,0.014695405960083,68.04847737560232,NVIDIA GeForce RTX 3060 Ti,6661.0,8192,0.0
1,simple,short,13.0,0.2725017070770263,0.0209616697751558,47.70612316320416,NVIDIA GeForce RTX 3060 Ti,6661.0,8192,94.0
1,simple,short,11.0,0.2420012950897216,0.0220001177354292,45.45430220082815,NVIDIA GeForce RTX 3060 Ti,6661.0,8192,66.0
1,simple,short,182.0,2.5095016956329346,0.013788470855126,72.52435824877848,NVIDIA GeForce RTX 3060 Ti,6661.0,8192,95.0
1,simple,short,10.0,0.2304973602294922,0.0230497360229492,43.38444479383021,NVIDIA GeForce RTX 3060 Ti,6661.0,8192,39.0
1,simple,short,15.0,0.2935421466827392,0.0195694764455159,51.0999874107074,NVIDIA GeForce RTX 3060 Ti,6661.0,8192,94.0
1,simple,short,11.0,0.2425010204315185,0.0220455473119562,45.36063386630722,NVIDIA GeForce RTX 3060 Ti,6661.0,8192,90.0
1,simple,short,301.0,4.132507085800171,0.013729259421263,72.83714068737473,NVIDIA GeForce RTX 3060 Ti,6661.0,8192,94.0
1,simple,short,13.0,0.270500898361206,0.0208077614124004,48.05899011337405,NVIDIA GeForce RTX 3060 Ti,6661.0,8192,94.0
1,simple,short,13.0,0.2704992294311523,0.0208076330331655,48.05928662842557,NVIDIA GeForce RTX 3060 Ti,6661.0,8192,94.0
1,simple,short,10.0,0.2295012474060058,0.0229501247406005,43.57274791761462,NVIDIA GeForce RTX 3060 Ti,6661.0,8192,92.0
1,simple,short,11.0,0.2440011501312255,0.0221819227392023,45.08175471338607,NVIDIA GeForce RTX 3060 Ti,6661.0,8192,94.0
1,simple,short,66.0,0.9660015106201172,0.0146363865245472,68.32287452390402,NVIDIA GeForce RTX 3060 Ti,6661.0,8192,94.0
1,simple,short,12.0,0.2550771236419678,0.0212564269701639,47.04459509604429,NVIDIA GeForce RTX 3060 Ti,6661.0,8192,94.0
1,simple,short,265.0,3.639004230499268,0.0137320914358462,72.82211924322009,NVIDIA GeForce RTX 3060 Ti,6661.0,8192,94.0
1,simple,short,10.0,0.2335028648376464,0.0233502864837646,42.82602702520569,NVIDIA GeForce RTX 3060 Ti,6661.0,8192,94.0
1,simple,short,17.0,0.3250024318695068,0.0191177901099709,52.307300909138256,NVIDIA GeForce RTX 3060 Ti,6661.0,8192,93.0
1,simple,short,11.0,0.2444977760314941,0.0222270705483176,44.99018428119801,NVIDIA GeForce RTX 3060 Ti,6661.0,8192,90.0
1,simple,short,8.0,0.2034988403320312,0.0254373550415039,39.31226333745735,NVIDIA GeForce RTX 3060 Ti,6661.0,8192,93.0
1,simple,short,13.0,0.270003080368042,0.0207694677206186,48.147598843241575,NVIDIA GeForce RTX 3060 Ti,6661.0,8192,94.0
1,simple,short,13.0,0.2690496444702148,0.0206961264977088,48.3182203254655,NVIDIA GeForce RTX 3060 Ti,6669.0,8192,94.0
1,simple,short,63.0,0.9255144596099854,0.014690705708095,68.07024930388272,NVIDIA GeForce RTX 3060 Ti,6669.0,8192,92.0
1,simple,short,13.0,0.2700014114379883,0.0207693393413837,48.1478964527033,NVIDIA GeForce RTX 3060 Ti,6669.0,8192,92.0
1,simple,short,10.0,0.2330067157745361,0.0233006715774536,42.917217929788265,NVIDIA GeForce RTX 3060 Ti,6661.0,8192,94.0
1,simple,short,12.0,0.2575061321258545,0.0214588443438212,46.60083199158564,NVIDIA GeForce RTX 3060 Ti,6661.0,8192,90.0
1,simple,long,355.0,4.899585962295532,0.0138016505980155,72.45510186613339,NVIDIA GeForce RTX 3060 Ti,6661.0,8192,93.0
1,simple,long,526.0,7.312626838684082,0.0139023323929355,71.93037626608259,NVIDIA GeForce RTX 3060 Ti,6661.0,8192,95.0
1,simple,long,396.0,5.475596904754639,0.0138272649109965,72.32088243313534,NVIDIA GeForce RTX 3060 Ti,6656.0,8192,92.0
1,simple,long,520.0,7.2357337474823,0.0139148725913121,71.86555201550028,NVIDIA GeForce RTX 3060 Ti,6656.0,8192,94.0
1,simple,long,385.0,5.327572584152222,0.0138378508679278,72.26555695275715,NVIDIA GeForce RTX 3060 Ti,6669.0,8192,94.0
1,simple,long,481.0,6.690012216567993,0.0139085493067941,71.89822446195102,NVIDIA GeForce RTX 3060 Ti,6661.0,8192,95.0
1,simple,long,379.0,5.2350053787231445,0.0138126790995333,72.39725130758907,NVIDIA GeForce RTX 3060 Ti,6656.0,8192,94.0
1,simple,long,308.0,4.2410972118377686,0.0137697961423304,72.62271639053901,NVIDIA GeForce RTX 3060 Ti,6669.0,8192,94.0
1,simple,long,501.0,6.975146055221558,0.013922447216011,71.82645295648742,NVIDIA GeForce RTX 3060 Ti,6669.0,8192,94.0
1,simple,long,354.0,4.887070894241333,0.0138052850119811,72.43602715424795,NVIDIA GeForce RTX 3060 Ti,6661.0,8192,93.0
1,simple,long,335.0,4.619145631790161,0.0137884944232542,72.52423428576118,NVIDIA GeForce RTX 3060 Ti,6661.0,8192,95.0
1,simple,long,411.0,5.698020458221436,0.0138637967353319,72.13031315234842,NVIDIA GeForce RTX 3060 Ti,6661.0,8192,94.0
1,simple,long,504.0,7.017521619796753,0.0139236540075332,71.82022761115444,NVIDIA GeForce RTX 3060 Ti,6656.0,8192,94.0
1,simple,long,451.0,6.272022008895874,0.0139069224144032,71.90663542958357,NVIDIA GeForce RTX 3060 Ti,6661.0,8192,94.0
1,simple,long,490.0,6.824522018432617,0.0139275959559849,71.79990022400689,NVIDIA GeForce RTX 3060 Ti,6656.0,8192,95.0
1,simple,long,437.0,6.0645129680633545,0.0138776040459115,72.05854819691348,NVIDIA GeForce RTX 3060 Ti,6665.0,8192,94.0
1,simple,long,547.0,7.597623348236084,0.0138896222088411,71.99619867007428,NVIDIA GeForce RTX 3060 Ti,6656.0,8192,95.0
1,simple,long,550.0,7.638121604919434,0.0138874938271262,72.00723272666478,NVIDIA GeForce RTX 3060 Ti,6656.0,8192,94.0
1,simple,long,400.0,5.534588098526001,0.013836470246315,72.27276770723552,NVIDIA GeForce RTX 3060 Ti,6656.0,8192,94.0
1,simple,long,502.0,6.986635684967041,0.0139176009660698,71.85146365655505,NVIDIA GeForce RTX 3060 Ti,6619.0,8192,94.0
1,simple,long,512.0,7.124022722244263,0.0139141068793833,71.86950687303619,NVIDIA GeForce RTX 3060 Ti,6624.0,8192,94.0
1,simple,long,456.0,6.47001838684082,0.0141886368132474,70.47893417543371,NVIDIA GeForce RTX 3060 Ti,6619.0,8192,95.0
1,moderate,short,201.0,2.7735073566436768,0.0137985440629038,72.47141404493604,NVIDIA GeForce RTX 3060 Ti,7032.0,8192,94.0
1,moderate,short,16.0,0.309138536453247,0.0193211585283279,51.75673076403976,NVIDIA GeForce RTX 3060 Ti,7037.0,8192,85.0
1,moderate,short,9.0,0.2175009250640869,0.0241667694515652,41.37913435240856,NVIDIA GeForce RTX 3060 Ti,6982.0,8192,99.0
1,moderate,short,122.0,1.7125015258789062,0.0140368977531057,71.24081243512236,NVIDIA GeForce RTX 3060 Ti,6962.0,8192,91.0
1,moderate,short,139.0,1.9385054111480715,0.0139460820945904,71.70472633227155,NVIDIA GeForce RTX 3060 Ti,6957.0,8192,94.0
1,moderate,short,14.0,0.2829992771148681,0.0202142340796334,49.4700910289515,NVIDIA GeForce RTX 3060 Ti,6957.0,8192,94.0
1,moderate,short,38.0,0.595595121383667,0.0156735558258859,63.80173147106989,NVIDIA GeForce RTX 3060 Ti,6957.0,8192,93.0
1,moderate,long,623.0,8.630634546279907,0.0138533459811876,72.18472716684938,NVIDIA GeForce RTX 3060 Ti,6957.0,8192,93.0
1,moderate,long,577.0,8.004121541976929,0.0138719610779496,72.0878608569314,NVIDIA GeForce RTX 3060 Ti,6957.0,8192,94.0
1,moderate,long,528.0,7.354110479354858,0.0139282395442326,71.79658253465877,NVIDIA GeForce RTX 3060 Ti,6957.0,8192,94.0
1,complex,short,437.0,7.664560794830322,0.0175390407204355,57.01566100105209,NVIDIA GeForce RTX 3060 Ti,6952.0,8192,95.0
1,complex,short,331.0,6.016050815582275,0.0181753801074993,55.019482073301525,NVIDIA GeForce RTX 3060 Ti,6935.0,8192,95.0
1,moderate,long,397.0,5.522008419036865,0.0139093411058863,71.89413160460985,NVIDIA GeForce RTX 3060 Ti,6406.0,8192,95.0
1,moderate,long,581.0,8.07575535774231,0.013899751046028,71.94373458118557,NVIDIA GeForce RTX 3060 Ti,6367.0,8192,94.0
1,moderate,long,475.0,6.620514869689941,0.0139379260414525,71.74668577132063,NVIDIA GeForce RTX 3060 Ti,6366.0,8192,94.0
1,moderate,long,488.0,6.813012838363648,0.0139610918818927,71.62763546431363,NVIDIA GeForce RTX 3060 Ti,6366.0,8192,94.0
1,moderate,long,406.0,5.6315131187438965,0.0138707219673494,72.09430066826478,NVIDIA GeForce RTX 3060 Ti,6378.0,8192,94.0
1,complex,short,260.0,3.577507257461548,0.013759643297929,72.67630260084653,NVIDIA GeForce RTX 3060 Ti,6384.0,8192,94.0
1,complex,short,428.0,5.942512273788452,0.0138843744714683,72.02341034916243,NVIDIA GeForce RTX 3060 Ti,6394.0,8192,93.0
1,complex,short,507.0,7.0636982917785645,0.0139323437707664,71.77543250822265,NVIDIA GeForce RTX 3060 Ti,6393.0,8192,92.0
1,complex,short,374.0,5.172133922576904,0.013829235087104,72.310579269313,NVIDIA GeForce RTX 3060 Ti,6408.0,8192,94.0
1,complex,short,237.0,3.269643545150757,0.0137959643255306,72.48496563226203,NVIDIA GeForce RTX 3060 Ti,6400.0,8192,94.0
1,complex,long,656.0,9.088104009628296,0.013853817087848,72.18227248554899,NVIDIA GeForce RTX 3060 Ti,6392.0,8192,94.0
1,complex,long,544.0,7.572587251663208,0.0139201971537926,71.83806299234365,NVIDIA GeForce RTX 3060 Ti,6407.0,8192,94.0
1,complex,long,643.0,8.913565158843994,0.0138624652548118,72.1372412207049,NVIDIA GeForce RTX 3060 Ti,6409.0,8192,93.0
1,complex,long,540.0,7.510596990585327,0.0139085129455283,71.89841242672188,NVIDIA GeForce RTX 3060 Ti,6408.0,8192,94.0
1,complex,long,573.0,7.968559741973877,0.0139067360243872,71.9075991840482,NVIDIA GeForce RTX 3060 Ti,6400.0,8192,93.0
1,complex,short,237.0,2.9890014184377964,0.013406463855803,70.43885937343968,NVIDIA GeForce RTX 3060 Ti,6490.0,8192,94.0
1,complex,short,248.0,4.15294474003744,0.0162621548337621,66.4322187717502,NVIDIA GeForce RTX 3060 Ti,6490.0,8192,94.0
1,complex,short,260.0,3.618692109556575,0.0140402046777611,63.74365403148939,NVIDIA GeForce RTX 3060 Ti,6490.0,8192,94.0
1,complex,short,271.0,4.207782735540689,0.0158502326566559,66.48855547774252,NVIDIA GeForce RTX 3060 Ti,6490.0,8192,94.0
1,complex,short,282.0,3.912171075237714,0.0151365393453163,66.77714009416083,NVIDIA GeForce RTX 3060 Ti,6490.0,8192,94.0
1,complex,short,294.0,4.166627652756777,0.0148268349004575,72.09752309003176,NVIDIA GeForce RTX 3060 Ti,6490.0,8192,94.0
1,complex,short,305.0,4.277737616249995,0.0137909887297194,73.68541216290807,NVIDIA GeForce RTX 3060 Ti,6490.0,8192,94.0
1,complex,short,316.0,5.120926248645089,0.0149346233565809,62.75065150640116,NVIDIA GeForce RTX 3060 Ti,6490.0,8192,94.0
1,complex,short,328.0,5.085145853885709,0.0156716469398745,66.55887720246405,NVIDIA GeForce RTX 3060 Ti,6490.0,8192,94.0
1,complex,short,339.0,5.0997449067782,0.0146300899696721,65.65498954111078,NVIDIA GeForce RTX 3060 Ti,6490.0,8192,94.0
1,complex,short,350.0,5.604305256191571,0.015568742322433,68.63407479847014,NVIDIA GeForce RTX 3060 Ti,6490.0,8192,94.0
1,complex,short,362.0,5.197419308996014,0.0150847078169965,70.00951477341903,NVIDIA GeForce RTX 3060 Ti,6490.0,8192,94.0
1,complex,short,373.0,5.301007429283204,0.0145996125266906,71.64176131249285,NVIDIA GeForce RTX 3060 Ti,6490.0,8192,94.0
1,complex,short,384.0,5.334918746668098,0.0148154577219833,65.49134614025346,NVIDIA GeForce RTX 3060 Ti,6490.0,8192,94.0
1,complex,short,396.0,5.795684952176783,0.014190441774766,69.68079807404425,NVIDIA GeForce RTX 3060 Ti,6490.0,8192,94.0
1,complex,short,407.0,5.527889626770913,0.0133902181909502,69.7561785534794,NVIDIA GeForce RTX 3060 Ti,6490.0,8192,94.0
1,complex,short,418.0,6.854194234627495,0.01533246595873,69.5812191508954,NVIDIA GeForce RTX 3060 Ti,6490.0,8192,94.0
1,complex,short,430.0,6.319455999332507,0.0153037529406911,67.52625671037434,NVIDIA GeForce RTX 3060 Ti,6490.0,8192,94.0
1,complex,short,441.0,6.26463249258971,0.0144781425772821,69.70811319961878,NVIDIA GeForce RTX 3060 Ti,6490.0,8192,94.0
1,complex,short,452.0,6.70213367771617,0.0148588917686208,66.380217138095,NVIDIA GeForce RTX 3060 Ti,6490.0,8192,94.0
1,complex,short,463.0,7.989305244182453,0.0164198890928546,66.57492715999177,NVIDIA GeForce RTX 3060 Ti,6490.0,8192,94.0
1,complex,short,475.0,6.733081001166076,0.0149703884649518,63.99894251936603,NVIDIA GeForce RTX 3060 Ti,6490.0,8192,94.0
1,complex,short,486.0,6.882546114624665,0.0140908658271074,64.54613582063878,NVIDIA GeForce RTX 3060 Ti,6490.0,8192,94.0
1,complex,short,497.0,7.589961674827855,0.0146713059067307,70.57652867680538,NVIDIA GeForce RTX 3060 Ti,6490.0,8192,94.0
1,complex,short,509.0,7.794956745900957,0.0153570547712595,69.38788248511756,NVIDIA GeForce RTX 3060 Ti,6490.0,8192,94.0
1,complex,short,520.0,6.220857158063339,0.0131652926833203,72.28115568464389,NVIDIA GeForce RTX 3060 Ti,6490.0,8192,94.0
1,complex,short,531.0,7.428567545907886,0.0149453374414825,66.8496937402124,NVIDIA GeForce RTX 3060 Ti,6490.0,8192,94.0
1,complex,short,543.0,8.38941626765128,0.0147230019674567,62.35155525944492,NVIDIA GeForce RTX 3060 Ti,6490.0,8192,94.0
1,complex,short,554.0,7.365668431931031,0.0145153704267174,68.63351363668266,NVIDIA GeForce RTX 3060 Ti,6490.0,8192,94.0
1,complex,short,565.0,8.039940057654604,0.0137506018901969,70.95356495974536,NVIDIA GeForce RTX 3060 Ti,6490.0,8192,94.0
1,complex,short,577.0,7.605249043490837,0.0132203553742689,73.17111687790612,NVIDIA GeForce RTX 3060 Ti,6490.0,8192,94.0
1,complex,short,588.0,8.625414371385009,0.0140875327658286,66.90912520434576,NVIDIA GeForce RTX 3060 Ti,6490.0,8192,94.0
1,complex,short,599.0,8.886156201224026,0.0151663455277271,75.03094311469893,NVIDIA GeForce RTX 3060 Ti,6490.0,8192,94.0
1,complex,short,611.0,8.72345978380561,0.0147150941791741,72.09250955463396,NVIDIA GeForce RTX 3060 Ti,6490.0,8192,94.0
1,complex,short,622.0,8.894158681145953,0.0141994586114654,74.03416992990219,NVIDIA GeForce RTX 3060 Ti,6490.0,8192,94.0
1,complex,short,633.0,8.389691386536247,0.0133265128698035,75.18662554650142,NVIDIA GeForce RTX 3060 Ti,6490.0,8192,94.0
1,complex,short,645.0,9.595065788303758,0.014717065535337,77.18708284773295,NVIDIA GeForce RTX 3060 Ti,6490.0,8192,94.0
1,complex,short,656.0,9.01555555384138,0.0146564828631033,73.39643448342093,NVIDIA GeForce RTX 3060 Ti,6490.0,8192,94.0
1,moderate,short,9.0,0.1727669428733984,0.0184403015298157,54.42825858566648,NVIDIA GeForce RTX 3060 Ti,6776.0,8192,93.0
1,moderate,short,27.0,0.4951316905296236,0.0180768085291764,61.5435829460457,NVIDIA GeForce RTX 3060 Ti,6776.0,8192,93.0
1,moderate,short,45.0,0.8205138296843246,0.0184226339931576,60.58735600773643,NVIDIA GeForce RTX 3060 Ti,6776.0,8192,93.0
1,moderate,short,63.0,1.0023018010582845,0.0166445096953607,57.29840357374152,NVIDIA GeForce RTX 3060 Ti,6776.0,8192,93.0
1,moderate,short,81.0,1.40909751027276,0.0172233510776307,57.53374515125718,NVIDIA GeForce RTX 3060 Ti,6776.0,8192,93.0
1,moderate,short,99.0,1.7015014246982731,0.0186825690326508,59.01722699900687,NVIDIA GeForce RTX 3060 Ti,6776.0,8192,93.0
1,moderate,short,117.0,1.9059623964724317,0.0167259486147332,58.77325936621734,NVIDIA GeForce RTX 3060 Ti,6776.0,8192,93.0
1,moderate,short,135.0,2.205858686148689,0.0169196918161479,59.28115077679597,NVIDIA GeForce RTX 3060 Ti,6776.0,8192,93.0
1,moderate,short,153.0,3.259370712780931,0.0196673326619052,67.49930376749313,NVIDIA GeForce RTX 3060 Ti,6776.0,8192,93.0
1,moderate,short,172.0,2.8487812634278638,0.016668105254369,62.51191827269008,NVIDIA GeForce RTX 3060 Ti,6776.0,8192,93.0
1,moderate,short,190.0,3.1033636276277643,0.0157566525612452,68.9046430917633,NVIDIA GeForce RTX 3060 Ti,6776.0,8192,93.0
1,moderate,short,208.0,2.981081683455413,0.0163884630560879,63.13602472968008,NVIDIA GeForce RTX 3060 Ti,6776.0,8192,93.0
1,moderate,short,226.0,3.6109093999340174,0.0164013441547302,65.14801283360056,NVIDIA GeForce RTX 3060 Ti,6776.0,8192,93.0
1,moderate,short,244.0,4.200639828198471,0.0173663514248261,58.988076082050505,NVIDIA GeForce RTX 3060 Ti,6776.0,8192,93.0
1,moderate,short,262.0,4.5012567362068925,0.0165932459501206,66.4136575512412,NVIDIA GeForce RTX 3060 Ti,6776.0,8192,93.0
1,moderate,short,280.0,3.9771729776070703,0.0147683587920561,66.04455821988962,NVIDIA GeForce RTX 3060 Ti,6776.0,8192,93.0
1,moderate,short,298.0,4.739367341928292,0.0153367386519203,71.53190938954953,NVIDIA GeForce RTX 3060 Ti,6776.0,8192,93.0
1,moderate,short,316.0,5.262661194346179,0.0159435051367018,63.306317492482805,NVIDIA GeForce RTX 3060 Ti,6776.0,8192,93.0
1,moderate,short,334.0,5.3169694876100575,0.0156534587047349,68.49589816237737,NVIDIA GeForce RTX 3060 Ti,6776.0,8192,93.0
1,moderate,short,352.0,5.263661109943272,0.014431310948586,68.92485889314527,NVIDIA GeForce RTX 3060 Ti,6776.0,8192,93.0
1,moderate,short,370.0,5.713765036515694,0.015338568198304,68.08387834733873,NVIDIA GeForce RTX 3060 Ti,6776.0,8192,93.0
1,moderate,short,388.0,6.038184081574512,0.0153766279329191,71.65210520740723,NVIDIA GeForce RTX 3060 Ti,6776.0,8192,93.0
1,moderate,short,406.0,6.264136682710347,0.014640140398265,69.88938577295058,NVIDIA GeForce RTX 3060 Ti,6776.0,8192,93.0
1,moderate,short,424.0,6.579218872846535,0.014879984015981,60.54806506902409,NVIDIA GeForce RTX 3060 Ti,6776.0,8192,93.0
1,moderate,short,442.0,6.656884352103945,0.0150851120155553,66.31482040237894,NVIDIA GeForce RTX 3060 Ti,6776.0,8192,93.0
1,moderate,short,460.0,7.0622302030918,0.0154685797144392,69.86327777589892,NVIDIA GeForce RTX 3060 Ti,6776.0,8192,93.0
1,moderate,short,479.0,7.494981344211435,0.0147793948493612,69.90140241445307,NVIDIA GeForce RTX 3060 Ti,6776.0,8192,93.0
1,moderate,short,497.0,6.73038563127399,0.0136448327542606,81.78724899819433,NVIDIA GeForce RTX 3060 Ti,6776.0,8192,93.0
1,moderate,short,515.0,7.001464029952612,0.0135431132036144,70.06215499022387,NVIDIA GeForce RTX 3060 Ti,6776.0,8192,93.0
1,moderate,short,533.0,6.9963258549411504,0.0139927941822292,69.16985623197887,NVIDIA GeForce RTX 3060 Ti,6776.0,8192,93.0
1,moderate,short,551.0,6.527250331963678,0.0129067213674114,73.6168466919555,NVIDIA GeForce RTX 3060 Ti,6776.0,8192,93.0
1,moderate,short,569.0,7.22070977000845,0.0126972068021584,73.90451281419038,NVIDIA GeForce RTX 3060 Ti,6776.0,8192,93.0
1,moderate,short,587.0,9.179036896314914,0.0139197588586601,73.55029155336629,NVIDIA GeForce RTX 3060 Ti,6776.0,8192,93.0
1,moderate,short,605.0,6.595257613624765,0.0114971616079149,73.37711694250942,NVIDIA GeForce RTX 3060 Ti,6776.0,8192,93.0
1,moderate,short,623.0,8.061578902442395,0.0120260457344418,77.07486235016742,NVIDIA GeForce RTX 3060 Ti,6776.0,8192,93.0
8,simple,short,163.0,2.370537042617798,0.0145431720405999,68.76079009505717,NVIDIA GeForce RTX 3060 Ti,6710.0,8192,94.0
8,simple,short,395.0,5.461585998535156,0.0138267999962915,72.32331416294504,NVIDIA GeForce RTX 3060 Ti,6710.0,8192,94.0
8,simple,short,898.0,12.20719075202942,0.0135937536214136,73.56319879335952,NVIDIA GeForce RTX 3060 Ti,6702.0,8192,94.0
8,simple,short,163.0,2.37729287147522,0.0145846188434062,68.56538458336898,NVIDIA GeForce RTX 3060 Ti,6669.0,8192,91.0
8,simple,short,592.0,8.102132320404053,0.0136860343250068,73.0671848581309,NVIDIA GeForce RTX 3060 Ti,6669.0,8192,92.0
8,simple,short,326.0,4.558066368103027,0.0139817986751626,71.52155621983066,NVIDIA GeForce RTX 3060 Ti,6661.0,8192,91.0
8,simple,short,369.0,5.109581232070923,0.0138471036099483,72.21726854716108,NVIDIA GeForce RTX 3060 Ti,6661.0,8192,94.0
8,simple,short,406.0,5.652088165283203,0.0139213994218798,71.83185897448877,NVIDIA GeForce RTX 3060 Ti,6661.0,8192,94.0
8,simple,short,297.0,4.156067132949829,0.0139934920301341,71.46179079864861,NVIDIA GeForce RTX 3060 Ti,6661.0,8192,91.0
8,simple,short,296.0,4.126561880111694,0.0139410874328097,71.73041592483962,NVIDIA GeForce RTX 3060 Ti,6661.0,8192,92.0
8,simple,short,485.0,6.662102460861206,0.0137362937337344,72.79984101855202,NVIDIA GeForce RTX 3060 Ti,6661.0,8192,93.0
8,simple,short,544.0,7.453119039535522,0.0137005864697344,72.98957619143327,NVIDIA GeForce RTX 3060 Ti,6661.0,8192,92.0
8,simple,short,862.0,11.687183141708374,0.0135582171017498,73.75601028478425,NVIDIA GeForce RTX 3060 Ti,6661.0,8192,94.0
8,simple,short,625.0,8.517712593078613,0.0136283401489257,73.37650726884905,NVIDIA GeForce RTX 3060 Ti,6661.0,8192,94.0
8,simple,short,280.0,3.939560413360596,0.0140698586191449,71.07391958006535,NVIDIA GeForce RTX 3060 Ti,6661.0,8192,95.0
8,simple,short,570.0,7.788616895675659,0.013664240167852,73.1837253821627,NVIDIA GeForce RTX 3060 Ti,6661.0,8192,93.0
8,simple,short,979.0,13.261062145233154,0.0135455180237315,73.82515738770692,NVIDIA GeForce RTX 3060 Ti,6661.0,8192,94.0
8,simple,short,1117.0,15.068022966384888,0.0134897251265755,74.13049492238663,NVIDIA GeForce RTX 3060 Ti,6661.0,8192,94.0
8,simple,short,722.0,9.838513135910034,0.0136267494957202,73.38507252327992,NVIDIA GeForce RTX 3060 Ti,6661.0,8192,94.0
8,simple,short,508.0,6.97701096534729,0.0137342735538332,72.81054917687285,NVIDIA GeForce RTX 3060 Ti,6661.0,8192,94.0
8,simple,short,565.0,7.942509174346924,0.0140575383616759,71.13620993034073,NVIDIA GeForce RTX 3060 Ti,6661.0,8192,0.0
8,simple,short,424.0,5.838166952133179,0.0137692616795593,72.62553528810558,NVIDIA GeForce RTX 3060 Ti,6661.0,8192,93.0
8,simple,short,465.0,6.421513319015503,0.0138097060623989,72.4128374261926,NVIDIA GeForce RTX 3060 Ti,6661.0,8192,94.0
8,simple,short,583.0,8.010009288787842,0.0137392955210769,72.783935571219,NVIDIA GeForce RTX 3060 Ti,6661.0,8192,92.0
8,simple,short,713.0,9.769015789031982,0.0137012844165946,72.98585808413885,NVIDIA GeForce RTX 3060 Ti,6661.0,8192,94.0
8,simple,short,528.0,7.254010200500488,0.013738655682766,72.78732527334616,NVIDIA GeForce RTX 3060 Ti,6661.0,8192,94.0
8,simple,short,943.0,12.810019969940186,0.0135843265853024,73.61424901856755,NVIDIA GeForce RTX 3060 Ti,6661.0,8192,95.0
8,simple,short,313.0,4.389005661010742,0.0140223823035486,71.31455827922522,NVIDIA GeForce RTX 3060 Ti,6661.0,8192,94.0
8,simple,short,398.0,5.475507736206055,0.0137575571261458,72.68732310764148,NVIDIA GeForce RTX 3060 Ti,6661.0,8192,93.0
8,simple,short,338.0,4.733010053634644,0.0140029883243628,71.41332812940847,NVIDIA GeForce RTX 3060 Ti,6661.0,8192,94.0
8,simple,short,539.0,7.397510051727295,0.013724508444763,72.86235452618888,NVIDIA GeForce RTX 3060 Ti,6661.0,8192,89.0
8,simple,short,324.0,4.534007787704468,0.0139938511966187,71.45995665879494,NVIDIA GeForce RTX 3060 Ti,6661.0,8192,94.0
8,simple,short,799.0,10.843019485473633,0.0135707377790658,73.6879612796434,NVIDIA GeForce RTX 3060 Ti,6661.0,8192,92.0
8,simple,short,346.0,4.82537055015564,0.0139461576594093,71.70433781273854,NVIDIA GeForce RTX 3060 Ti,6661.0,8192,94.0
8,simple,short,355.0,4.93050742149353,0.0138887532999817,72.00070289975646,NVIDIA GeForce RTX 3060 Ti,6661.0,8192,93.0
8,simple,short,830.0,11.2985200881958,0.0136126748050551,73.46094829420605,NVIDIA GeForce RTX 3060 Ti,6661.0,8192,88.0
8,simple,short,506.0,6.942013263702393,0.0137193938017833,72.88951789327675,NVIDIA GeForce RTX 3060 Ti,6661.0,8192,94.0
8,simple,short,188.0,2.7295053005218506,0.0145186452155417,68.87694996014719,NVIDIA GeForce RTX 3060 Ti,6661.0,8192,92.0
8,simple,short,628.0,8.561014175415039,0.0136321881774124,73.35579490143228,NVIDIA GeForce RTX 3060 Ti,6661.0,8192,90.0
8,simple,short,568.0,7.736510515213013,0.0136206171042482,73.41811258229266,NVIDIA GeForce RTX 3060 Ti,6661.0,8192,93.0
8,simple,short,876.0,11.834019660949709,0.0135091548640978,74.0238756650586,NVIDIA GeForce RTX 3060 Ti,6661.0,8192,94.0
8,simple,short,572.0,7.873074769973755,0.0137641167307233,72.652682301645,NVIDIA GeForce RTX 3060 Ti,6661.0,8192,93.0
8,simple,short,305.0,4.273010730743408,0.014009871248339,71.3782434023836,NVIDIA GeForce RTX 3060 Ti,6661.0,8192,94.0
8,simple,short,338.0,4.713505744934082,0.0139452832690357,71.70883378327714,NVIDIA GeForce RTX 3060 Ti,6661.0,8192,93.0
8,simple,short,415.0,5.721508979797363,0.0137867686260177,72.53331270917587,NVIDIA GeForce RTX 3060 Ti,6661.0,8192,92.0
8,simple,short,417.0,5.743511438369751,0.0137734087251073,72.60366841340566,NVIDIA GeForce RTX 3060 Ti,6669.0,8192,94.0
8,simple,short,383.0,5.304594039916992,0.0138501149867284,72.20156662657512,NVIDIA GeForce RTX 3060 Ti,6669.0,8192,93.0
8,simple,short,784.0,10.590493440628052,0.0135082824497806,74.02865639785583,NVIDIA GeForce RTX 3060 Ti,6669.0,8192,94.0
8,simple,short,645.0,8.747654914855957,0.0135622556819472,73.73404715641105,NVIDIA GeForce RTX 3060 Ti,6661.0,8192,92.0
8,simple,short,627.0,8.576146841049194,0.0136780651372395,73.1097556537749,NVIDIA GeForce RTX 3060 Ti,6661.0,8192,93.0
8,simple,long,3682.0,50.65555286407471,0.0137576189201723,72.68699662364759,NVIDIA GeForce RTX 3060 Ti,6669.0,8192,93.0
8,simple,long,3221.0,44.02427339553833,0.0136678899085806,73.16418311009386,NVIDIA GeForce RTX 3060 Ti,6661.0,8192,94.0
8,simple,long,3625.0,49.645368576049805,0.0136952740899447,73.0178887572766,NVIDIA GeForce RTX 3060 Ti,6669.0,8192,93.0
8,simple,long,3936.0,54.04708981513977,0.0137314760709196,72.82538270723765,NVIDIA GeForce RTX 3060 Ti,6661.0,8192,94.0
8,simple,long,3150.0,43.09886193275452,0.0136821783913506,73.0877767704127,NVIDIA GeForce RTX 3060 Ti,6669.0,8192,94.0
8,simple,long,3592.0,49.29239153862,0.013722826152177,72.87128678237718,NVIDIA GeForce RTX 3060 Ti,6661.0,8192,94.0
8,simple,long,3188.0,43.67667841911316,0.0137003382745022,72.99089847008406,NVIDIA GeForce RTX 3060 Ti,6664.0,8192,94.0
8,simple,long,3385.0,46.34779620170593,0.0136921111378747,73.03475628632819,NVIDIA GeForce RTX 3060 Ti,6669.0,8192,93.0
8,simple,long,3531.0,48.44574809074402,0.0137201212378204,72.8856533164905,NVIDIA GeForce RTX 3060 Ti,6669.0,8192,93.0
8,simple,long,3516.0,48.195744037628174,0.0137075494987565,72.95249964924145,NVIDIA GeForce RTX 3060 Ti,6661.0,8192,94.0
8,simple,long,3557.0,48.7822642326355,0.013714440324047,72.91584464052727,NVIDIA GeForce RTX 3060 Ti,6661.0,8192,95.0
8,simple,long,3025.0,41.31346035003662,0.0136573422644749,73.22068823018158,NVIDIA GeForce RTX 3060 Ti,6661.0,8192,94.0
8,simple,long,4130.0,56.81469488143921,0.0137565847170554,72.69246114264057,NVIDIA GeForce RTX 3060 Ti,6661.0,8192,92.0
8,simple,long,3419.0,46.85916066169739,0.0137055164263519,72.96332140226929,NVIDIA GeForce RTX 3060 Ti,6661.0,8192,95.0
8,simple,long,3542.0,48.50716829299927,0.0136948527083566,73.02013546956924,NVIDIA GeForce RTX 3060 Ti,6661.0,8192,95.0
8,simple,long,3399.0,46.5715537071228,0.0137015456625839,72.98446647014369,NVIDIA GeForce RTX 3060 Ti,6661.0,8192,94.0
8,simple,long,3318.0,45.3692364692688,0.0136736698219616,73.13325632551636,NVIDIA GeForce RTX 3060 Ti,6656.0,8192,94.0
8,simple,long,3450.0,47.30576729774475,0.0137118166080419,72.92979687414297,NVIDIA GeForce RTX 3060 Ti,6656.0,8192,92.0
8,simple,long,3548.0,48.66229057312012,0.0137154144794588,72.91066569644443,NVIDIA GeForce RTX 3060 Ti,6656.0,8192,94.0
8,simple,long,3691.0,50.58917307853699,0.0137060886151549,72.96027539864943,NVIDIA GeForce RTX 3060 Ti,6619.0,8192,94.0
8,simple,long,3701.0,50.79667329788208,0.0137251211288522,72.85910197891462,NVIDIA GeForce RTX 3060 Ti,6624.0,8192,94.0
8,simple,long,3709.0,50.96260333061218,0.0137402543355654,72.7788566046837,NVIDIA GeForce RTX 3060 Ti,6619.0,8192,94.0
8,moderate,short,1159.0,15.649347066879272,0.0135024564856594,74.06059786691938,NVIDIA GeForce RTX 3060 Ti,7032.0,8192,94.0
8,moderate,short,738.0,10.263535022735596,0.013907229028097,71.90505009874238,NVIDIA GeForce RTX 3060 Ti,7097.0,8192,92.0
8,moderate,short,818.0,11.042029857635498,0.0134988140068893,74.08058215259742,NVIDIA GeForce RTX 3060 Ti,6974.0,8192,94.0
8,moderate,short,846.0,11.48730731010437,0.0135783774351115,73.64650193138374,NVIDIA GeForce RTX 3060 Ti,6962.0,8192,94.0
8,moderate,short,786.0,10.642019510269163,0.0135394650257877,73.85816190635042,NVIDIA GeForce RTX 3060 Ti,6957.0,8192,92.0
8,moderate,short,1420.0,19.238036394119263,0.0135479129536051,73.81210695879906,NVIDIA GeForce RTX 3060 Ti,6957.0,8192,94.0
8,moderate,short,1920.0,26.104900360107425,0.0135963022708892,73.54940924938658,NVIDIA GeForce RTX 3060 Ti,6957.0,8192,94.0
8,moderate,long,3906.0,53.81697845458984,0.0137780282781848,72.57932556165038,NVIDIA GeForce RTX 3060 Ti,6952.0,8192,94.0
8,moderate,long,4250.0,58.44840288162232,0.0137525653839111,72.71370628565643,NVIDIA GeForce RTX 3060 Ti,6957.0,8192,94.0
8,moderate,long,4636.0,63.83998346328735,0.0137704882362569,72.61906642983449,NVIDIA GeForce RTX 3060 Ti,6957.0,8192,94.0
8,complex,short,2509.0,43.36433100700378,0.0172835117604638,57.85861194525913,NVIDIA GeForce RTX 3060 Ti,6960.0,8192,95.0
8,moderate,long,4278.0,58.87307476997376,0.0137618220593674,72.66479654264381,NVIDIA GeForce RTX 3060 Ti,6384.0,8192,94.0
8,moderate,long,4270.0,58.752641677856445,0.0137594008613246,72.67758313596545,NVIDIA GeForce RTX 3060 Ti,6367.0,8192,94.0
8,moderate,long,4089.0,56.30663084983826,0.0137702692222641,72.62022142480481,NVIDIA GeForce RTX 3060 Ti,6366.0,8192,95.0
8,moderate,long,4279.0,58.81161904335022,0.0137442437586703,72.75773171362509,NVIDIA GeForce RTX 3060 Ti,6366.0,8192,95.0
8,moderate,long,4504.0,62.0061252117157,0.0137669016899901,72.63798511229976,NVIDIA GeForce RTX 3060 Ti,6378.0,8192,94.0
8,complex,short,2735.0,37.39207720756531,0.0136716918492012,73.14383699033026,NVIDIA GeForce RTX 3060 Ti,6385.0,8192,94.0
8,complex,short,2885.0,39.3665783405304,0.0136452611232341,73.28551582624362,NVIDIA GeForce RTX 3060 Ti,6394.0,8192,95.0
8,complex,short,2894.0,39.591097593307495,0.0136804069085374,73.0972409436106,NVIDIA GeForce RTX 3060 Ti,6393.0,8192,94.0
8,complex,short,3119.0,42.91349697113037,0.0137587358035044,72.68109616185035,NVIDIA GeForce RTX 3060 Ti,6408.0,8192,93.0
8,complex,short,2967.0,40.65397238731384,0.0137020466421684,72.98179798355594,NVIDIA GeForce RTX 3060 Ti,6400.0,8192,93.0
8,complex,long,4243.0,58.47868013381958,0.0137823898500635,72.55635712520424,NVIDIA GeForce RTX 3060 Ti,6399.0,8192,95.0
8,complex,long,4611.0,63.49573802947998,0.0137704918736673,72.61904724785137,NVIDIA GeForce RTX 3060 Ti,6407.0,8192,94.0
8,complex,long,4667.0,64.24147653579712,0.0137650474685659,72.64776981580458,NVIDIA GeForce RTX 3060 Ti,6408.0,8192,94.0
8,complex,long,4855.0,66.77399826049805,0.0137536556664259,72.70794211033646,NVIDIA GeForce RTX 3060 Ti,6416.0,8192,92.0
8,complex,long,4440.0,61.17045092582703,0.0137771285868979,72.58406522756839,NVIDIA GeForce RTX 3060 Ti,6407.0,8192,94.0
8,complex,short,2509.0,36.94029566902199,0.0136591871138358,68.49983148863224,NVIDIA GeForce RTX 3060 Ti,6452.0,8192,94.0
8,complex,short,2571.0,36.568662734297455,0.014200298060421,67.66625871035785,NVIDIA GeForce RTX 3060 Ti,6452.0,8192,94.0
8,complex,short,2632.0,40.75809465530792,0.015804211361354,61.45459351072047,NVIDIA GeForce RTX 3060 Ti,6452.0,8192,94.0
8,complex,short,2694.0,44.58195638563094,0.0151019373231805,68.7865628160376,NVIDIA GeForce RTX 3060 Ti,6452.0,8192,94.0
8,complex,short,2756.0,31.25516467760801,0.0124347899342274,74.97618528838854,NVIDIA GeForce RTX 3060 Ti,6452.0,8192,94.0
8,complex,short,2818.0,40.02676192819988,0.0139303202479082,72.76682872892619,NVIDIA GeForce RTX 3060 Ti,6452.0,8192,94.0
8,complex,short,2879.0,44.82030370899112,0.0149051624959802,77.78026715014587,NVIDIA GeForce RTX 3060 Ti,6452.0,8192,94.0
8,complex,short,2941.0,40.70643355853701,0.0147122826256577,66.37964594083655,NVIDIA GeForce RTX 3060 Ti,6452.0,8192,94.0
8,complex,short,3003.0,38.62969793409426,0.0131644644819607,70.61398830632623,NVIDIA GeForce RTX 3060 Ti,6452.0,8192,94.0
8,complex,short,3065.0,41.264884254580586,0.0136794840457552,70.20182485974277,NVIDIA GeForce RTX 3060 Ti,6452.0,8192,94.0
8,complex,short,3126.0,44.411746332744976,0.0150091115186724,63.87431055950706,NVIDIA GeForce RTX 3060 Ti,6452.0,8192,94.0
8,complex,short,3188.0,45.7065891581026,0.0142383437969969,69.28343794981065,NVIDIA GeForce RTX 3060 Ti,6452.0,8192,94.0
8,complex,short,3250.0,41.11799157250728,0.0137517822422083,66.18661362208803,NVIDIA GeForce RTX 3060 Ti,6452.0,8192,94.0
8,complex,short,3312.0,50.7308140806755,0.0151499124544969,71.64946920940372,NVIDIA GeForce RTX 3060 Ti,6452.0,8192,94.0
8,complex,short,3373.0,54.2510683450758,0.0157686011121471,70.36897681541035,NVIDIA GeForce RTX 3060 Ti,6452.0,8192,94.0
8,complex,short,3435.0,52.24022125036502,0.015031612997621,71.9188145220121,NVIDIA GeForce RTX 3060 Ti,6452.0,8192,94.0
8,complex,short,3497.0,49.55571359391047,0.0148965942105803,71.74371649861297,NVIDIA GeForce RTX 3060 Ti,6452.0,8192,94.0
8,complex,short,3559.0,46.60811640767557,0.0133625814181154,72.9033059027901,NVIDIA GeForce RTX 3060 Ti,6452.0,8192,94.0
8,complex,short,3620.0,49.73214086581524,0.0140554571890617,66.83074616694495,NVIDIA GeForce RTX 3060 Ti,6452.0,8192,94.0
8,complex,short,3682.0,50.42827241147991,0.0142373983057953,67.83978582021642,NVIDIA GeForce RTX 3060 Ti,6452.0,8192,94.0
8,complex,short,3744.0,55.759686694999765,0.0148747205592358,72.95429394619852,NVIDIA GeForce RTX 3060 Ti,6452.0,8192,94.0
8,complex,short,3805.0,50.32681807843668,0.0138899030213681,73.93701895160008,NVIDIA GeForce RTX 3060 Ti,6452.0,8192,94.0
8,complex,short,3867.0,57.83112463375495,0.0145021646690386,73.9832472573554,NVIDIA GeForce RTX 3060 Ti,6452.0,8192,94.0
8,complex,short,3929.0,51.52820792736792,0.0131076839342448,73.89095800642015,NVIDIA GeForce RTX 3060 Ti,6452.0,8192,94.0
8,complex,short,3991.0,58.707196798561625,0.014509571586378,76.24096907989656,NVIDIA GeForce RTX 3060 Ti,6452.0,8192,94.0
8,complex,short,4052.0,55.95159105842175,0.0143392607010592,70.74183989556815,NVIDIA GeForce RTX 3060 Ti,6452.0,8192,94.0
8,complex,short,4114.0,57.33803071355525,0.013881318427843,69.99745077620265,NVIDIA GeForce RTX 3060 Ti,6452.0,8192,94.0
8,complex,short,4176.0,62.21817118890758,0.0144351467565907,72.18467664143746,NVIDIA GeForce RTX 3060 Ti,6452.0,8192,94.0
8,complex,short,4238.0,52.47394364816704,0.0137808914599218,70.74900913805524,NVIDIA GeForce RTX 3060 Ti,6452.0,8192,94.0
8,complex,short,4299.0,62.40610645689622,0.01483251276285,76.22410984941301,NVIDIA GeForce RTX 3060 Ti,6452.0,8192,94.0
8,complex,short,4361.0,62.506769452889486,0.0136295073765032,73.71768052764473,NVIDIA GeForce RTX 3060 Ti,6452.0,8192,94.0
8,complex,short,4423.0,59.16897923115455,0.0136056060563984,71.98922958096887,NVIDIA GeForce RTX 3060 Ti,6452.0,8192,94.0
8,complex,short,4485.0,60.61606898302608,0.0132544040756851,77.08324078996145,NVIDIA GeForce RTX 3060 Ti,6452.0,8192,94.0
8,complex,short,4546.0,56.9047837053965,0.0126418500189577,73.68887581182132,NVIDIA GeForce RTX 3060 Ti,6452.0,8192,94.0
8,complex,short,4608.0,58.25560638513669,0.0130370563434386,77.4361298906941,NVIDIA GeForce RTX 3060 Ti,6452.0,8192,94.0
8,complex,short,4670.0,62.33249913151389,0.0131411082413943,72.57744868712186,NVIDIA GeForce RTX 3060 Ti,6452.0,8192,94.0
8,complex,short,4732.0,62.2719544411777,0.0140140112868397,73.75256109245859,NVIDIA GeForce RTX 3060 Ti,6452.0,8192,94.0
8,complex,short,4793.0,65.3966623281208,0.013002796361863,67.30606314858778,NVIDIA GeForce RTX 3060 Ti,6452.0,8192,94.0
8,complex,short,4855.0,69.24333995582488,0.0142593143995718,66.9579176484716,NVIDIA GeForce RTX 3060 Ti,6452.0,8192,94.0
8,moderate,short,738.0,11.368849419667397,0.014572258713227,72.92335163002086,NVIDIA GeForce RTX 3060 Ti,6778.0,8192,94.0
8,moderate,short,853.0,11.325775854186064,0.012466994343231,69.67956860509192,NVIDIA GeForce RTX 3060 Ti,6778.0,8192,94.0
8,moderate,short,967.0,12.566660394790858,0.0135154584883534,72.64521272396635,NVIDIA GeForce RTX 3060 Ti,6778.0,8192,94.0
8,moderate,short,1082.0,15.177858433745904,0.0138751733474046,68.34845186898968,NVIDIA GeForce RTX 3060 Ti,6778.0,8192,94.0
8,moderate,short,1197.0,16.799487783222812,0.0151175168988153,75.6511958537807,NVIDIA GeForce RTX 3060 Ti,6778.0,8192,94.0
8,moderate,short,1311.0,18.929501788200884,0.013252673153222,72.3077468700912,NVIDIA GeForce RTX 3060 Ti,6778.0,8192,94.0
8,moderate,short,1426.0,21.239070950473696,0.0147774866540287,73.61847304539045,NVIDIA GeForce RTX 3060 Ti,6778.0,8192,94.0
8,moderate,short,1541.0,21.50413928121727,0.0142961104813497,77.42002757362225,NVIDIA GeForce RTX 3060 Ti,6778.0,8192,94.0
8,moderate,short,1655.0,20.93678387567813,0.0135565506094361,79.03403245616356,NVIDIA GeForce RTX 3060 Ti,6778.0,8192,94.0
8,moderate,short,1770.0,24.4537717940494,0.0148724755586898,77.99471982307847,NVIDIA GeForce RTX 3060 Ti,6778.0,8192,94.0
8,moderate,short,1884.0,26.87150020462064,0.0136264469721946,70.18622178046816,NVIDIA GeForce RTX 3060 Ti,6778.0,8192,94.0
8,moderate,short,1999.0,26.9608780602014,0.0137527848159182,77.1092131360544,NVIDIA GeForce RTX 3060 Ti,6778.0,8192,94.0
8,moderate,short,2114.0,28.914213281891584,0.0133689232962963,72.39457233547577,NVIDIA GeForce RTX 3060 Ti,6778.0,8192,94.0
8,moderate,short,2228.0,30.315835008058148,0.0138354153536301,76.14187404309187,NVIDIA GeForce RTX 3060 Ti,6778.0,8192,94.0
8,moderate,short,2343.0,32.8448352675873,0.0145299054016205,66.31872836738033,NVIDIA GeForce RTX 3060 Ti,6778.0,8192,94.0
8,moderate,short,2458.0,34.96649444570991,0.0137952859197767,71.6086722003718,NVIDIA GeForce RTX 3060 Ti,6778.0,8192,94.0
8,moderate,short,2572.0,36.30020379331663,0.0154307113123277,73.06676991451842,NVIDIA GeForce RTX 3060 Ti,6778.0,8192,94.0
8,moderate,short,2687.0,32.206818095367545,0.0125933456085692,74.9790478082378,NVIDIA GeForce RTX 3060 Ti,6778.0,8192,94.0
8,moderate,short,2802.0,34.25388907391932,0.0130943117036055,76.61093830463098,NVIDIA GeForce RTX 3060 Ti,6778.0,8192,94.0
8,moderate,short,2916.0,35.22437542019562,0.0127716324426748,75.90193350665298,NVIDIA GeForce RTX 3060 Ti,6778.0,8192,94.0
8,moderate,short,3031.0,42.81128770600592,0.0135321134540769,73.7319288689007,NVIDIA GeForce RTX 3060 Ti,6778.0,8192,94.0
8,moderate,short,3146.0,47.28028306538652,0.0142865795268169,70.24734826976103,NVIDIA GeForce RTX 3060 Ti,6778.0,8192,94.0
8,moderate,short,3260.0,42.3248412099956,0.0129262679648241,71.81104602961972,NVIDIA GeForce RTX 3060 Ti,6778.0,8192,94.0
8,moderate,short,3375.0,46.36637935759382,0.0139853782205652,73.97847246093079,NVIDIA GeForce RTX 3060 Ti,6778.0,8192,94.0
8,moderate,short,3490.0,53.66238705544755,0.0144479268354786,76.9381670416052,NVIDIA GeForce RTX 3060 Ti,6778.0,8192,94.0
8,moderate,short,3604.0,48.13894503213788,0.0137401090337347,74.33167616026287,NVIDIA GeForce RTX 3060 Ti,6778.0,8192,94.0
8,moderate,short,3719.0,54.57184045737873,0.0134385215726313,75.90266485879837,NVIDIA GeForce RTX 3060 Ti,6778.0,8192,94.0
8,moderate,short,3833.0,51.093091763113165,0.0138590349450836,74.56001860018932,NVIDIA GeForce RTX 3060 Ti,6778.0,8192,94.0
8,moderate,short,3948.0,59.41730502969207,0.013697432921796,73.38906289097021,NVIDIA GeForce RTX 3060 Ti,6778.0,8192,94.0
8,moderate,short,4063.0,53.38508326115002,0.0123795768860005,74.99270904130664,NVIDIA GeForce RTX 3060 Ti,6778.0,8192,94.0
8,moderate,short,4177.0,54.88241029029443,0.012426375430157,69.33042258531175,NVIDIA GeForce RTX 3060 Ti,6778.0,8192,94.0
8,moderate,short,4292.0,58.27412154156325,0.0140478255006485,72.27535955903689,NVIDIA GeForce RTX 3060 Ti,6778.0,8192,94.0
8,moderate,short,4407.0,60.23050742475963,0.0140582486287717,73.26094708724374,NVIDIA GeForce RTX 3060 Ti,6778.0,8192,94.0
8,moderate,short,4521.0,61.82564237158023,0.0133056745485388,73.62834731954561,NVIDIA GeForce RTX 3060 Ti,6778.0,8192,94.0
8,moderate,short,4636.0,67.89393539759875,0.0145442068765638,78.30969220371742,NVIDIA GeForce RTX 3060 Ti,6778.0,8192,94.0
32,simple,short,2571.0,34.73454236984253,0.0135101292764848,74.01853672418646,NVIDIA GeForce RTX 3060 Ti,6710.0,8192,94.0
32,simple,short,1724.0,23.623865365982056,0.0137029381473213,72.97704983040283,NVIDIA GeForce RTX 3060 Ti,6710.0,8192,92.0
32,simple,short,2222.0,31.056984901428223,0.0139770409097336,71.5459020588253,NVIDIA GeForce RTX 3060 Ti,6669.0,8192,94.0
32,simple,short,2648.0,35.95556092262268,0.013578384034223,73.64646613909225,NVIDIA GeForce RTX 3060 Ti,6669.0,8192,94.0
32,simple,short,2715.0,36.86557102203369,0.0135784791978024,73.64594999429977,NVIDIA GeForce RTX 3060 Ti,6661.0,8192,94.0
32,simple,short,2300.0,31.3504900932312,0.0136306478666222,73.36408436232347,NVIDIA GeForce RTX 3060 Ti,6661.0,8192,92.0
32,simple,short,2790.0,37.877593755722046,0.0135761984787534,73.6583220674762,NVIDIA GeForce RTX 3060 Ti,6661.0,8192,94.0
32,simple,short,2012.0,27.479429721832275,0.0136577682514076,73.21840447079859,NVIDIA GeForce RTX 3060 Ti,6661.0,8192,92.0
32,simple,short,2340.0,31.886977910995483,0.0136269136371775,73.38418857163336,NVIDIA GeForce RTX 3060 Ti,6661.0,8192,92.0
32,simple,short,2234.0,30.39997410774231,0.0136078666552114,73.48690469545636,NVIDIA GeForce RTX 3060 Ti,6661.0,8192,94.0
32,simple,short,1789.0,24.55788326263428,0.0137271566588229,72.84829807469723,NVIDIA GeForce RTX 3060 Ti,6661.0,8192,92.0
32,simple,short,1522.0,20.90232801437378,0.0137334612446608,72.81485578799526,NVIDIA GeForce RTX 3060 Ti,6661.0,8192,91.0
32,simple,short,1691.0,23.161863327026367,0.0136971397557814,73.0079431056335,NVIDIA GeForce RTX 3060 Ti,6661.0,8192,93.0
32,simple,short,2049.0,27.924436807632446,0.0136283244546766,73.37659176853863,NVIDIA GeForce RTX 3060 Ti,6661.0,8192,94.0
32,simple,short,2959.0,40.10287284851074,0.0135528465185909,73.78523756085184,NVIDIA GeForce RTX 3060 Ti,6661.0,8192,92.0
32,simple,short,2128.0,29.07395076751709,0.0136625708493971,73.19266710658088,NVIDIA GeForce RTX 3060 Ti,6661.0,8192,94.0
32,simple,short,1885.0,25.74890160560608,0.0136598947509846,73.20700622000885,NVIDIA GeForce RTX 3060 Ti,6661.0,8192,93.0
32,simple,short,1295.0,17.88353133201599,0.0138096767042594,72.41299136941853,NVIDIA GeForce RTX 3060 Ti,6661.0,8192,92.0
32,simple,short,2677.0,36.45941114425659,0.013619503602636,73.42411509083587,NVIDIA GeForce RTX 3060 Ti,6661.0,8192,92.0
32,simple,short,1889.0,25.95004177093506,0.0137374493228878,72.79371712286587,NVIDIA GeForce RTX 3060 Ti,6661.0,8192,94.0
32,simple,short,1997.0,27.66004252433777,0.0138507974583564,72.19800903208524,NVIDIA GeForce RTX 3060 Ti,6660.0,8192,94.0
32,simple,short,1686.0,23.14874815940857,0.0137299811147144,72.83331212511993,NVIDIA GeForce RTX 3060 Ti,6661.0,8192,94.0
32,simple,short,1390.0,19.14153027534485,0.0137708850901761,72.61697366957031,NVIDIA GeForce RTX 3060 Ti,6661.0,8192,92.0
32,simple,short,1624.0,22.304038047790527,0.0137340135762256,72.81192744202998,NVIDIA GeForce RTX 3060 Ti,6661.0,8192,90.0
32,simple,short,2230.0,30.400049686431885,0.0136323092764268,73.35514326462733,NVIDIA GeForce RTX 3060 Ti,6661.0,8192,93.0
32,simple,short,2035.0,27.770543098449707,0.0136464585250367,73.27908542464206,NVIDIA GeForce RTX 3060 Ti,6661.0,8192,92.0
32,simple,short,2880.0,38.907642126083374,0.0135095979604456,74.02144778311485,NVIDIA GeForce RTX 3060 Ti,6661.0,8192,89.0
32,simple,short,2235.0,30.35304832458496,0.0135807822481364,73.63346099870056,NVIDIA GeForce RTX 3060 Ti,6661.0,8192,93.0
32,simple,short,2067.0,28.136046171188354,0.013612020402123,73.46447995655596,NVIDIA GeForce RTX 3060 Ti,6661.0,8192,93.0
32,simple,short,2854.0,38.67456245422363,0.0135510029622367,73.79527572879667,NVIDIA GeForce RTX 3060 Ti,6661.0,8192,94.0
32,simple,short,2398.0,32.520551919937134,0.013561531242676,73.7379859328241,NVIDIA GeForce RTX 3060 Ti,6661.0,8192,92.0
32,simple,short,2350.0,31.9720470905304,0.0136051264215022,73.50170582902814,NVIDIA GeForce RTX 3060 Ti,6661.0,8192,92.0
32,simple,short,1831.0,24.998040437698364,0.0136526709108128,73.24574118372716,NVIDIA GeForce RTX 3060 Ti,6661.0,8192,91.0
32,simple,short,1920.0,26.266542196273804,0.0136804907272259,73.09679308578245,NVIDIA GeForce RTX 3060 Ti,6661.0,8192,91.0
32,simple,short,2490.0,33.89505624771118,0.013612472388639,73.4620406528501,NVIDIA GeForce RTX 3060 Ti,6661.0,8192,93.0
32,simple,short,2273.0,30.889047384262085,0.0135895501030629,73.58595335504226,NVIDIA GeForce RTX 3060 Ti,6661.0,8192,94.0
32,simple,short,2018.0,27.67154717445373,0.0137123623262902,72.92689444784676,NVIDIA GeForce RTX 3060 Ti,6661.0,8192,94.0
32,simple,short,2604.0,35.403058767318726,0.0135956446879104,73.55296662682166,NVIDIA GeForce RTX 3060 Ti,6661.0,8192,92.0
32,simple,short,2374.0,32.256552934646606,0.0135874275209126,73.59744870475909,NVIDIA GeForce RTX 3060 Ti,6661.0,8192,94.0
32,simple,short,2410.0,32.79610061645508,0.0136083405047531,73.484345842957,NVIDIA GeForce RTX 3060 Ti,6661.0,8192,94.0
32,simple,short,2385.0,32.512085914611816,0.0136319018509902,73.35733567707251,NVIDIA GeForce RTX 3060 Ti,6661.0,8192,94.0
32,simple,short,2203.0,30.03354454040528,0.0136330206719951,73.35131546115777,NVIDIA GeForce RTX 3060 Ti,6661.0,8192,94.0
32,simple,short,2036.0,27.78304386138916,0.0136458958061832,73.282107250656,NVIDIA GeForce RTX 3060 Ti,6661.0,8192,92.0
32,simple,short,2321.0,31.57004976272583,0.0136019171748064,73.51904787747156,NVIDIA GeForce RTX 3060 Ti,6661.0,8192,94.0
32,simple,short,1701.0,23.28753685951233,0.0136904978597956,73.04336264765534,NVIDIA GeForce RTX 3060 Ti,6668.0,8192,94.0
32,simple,short,2094.0,28.639048099517822,0.0136767182901231,73.11695530953263,NVIDIA GeForce RTX 3060 Ti,6669.0,8192,93.0
32,simple,short,2246.0,30.615036010742188,0.0136309154099475,73.36264439512416,NVIDIA GeForce RTX 3060 Ti,6669.0,8192,92.0
32,simple,short,2405.0,32.74807286262512,0.0136166623129418,73.4394359658577,NVIDIA GeForce RTX 3060 Ti,6669.0,8192,91.0
32,simple,short,2515.0,34.14159536361694,0.0135751870233069,73.6638101768412,NVIDIA GeForce RTX 3060 Ti,6661.0,8192,94.0
32,simple,short,2598.0,35.265700340271,0.0135741725713129,73.66931536684281,NVIDIA GeForce RTX 3060 Ti,6661.0,8192,94.0
32,simple,long,13906.0,190.21983098983765,0.0136789753336572,73.10489094453521,NVIDIA GeForce RTX 3060 Ti,6669.0,8192,94.0
32,simple,long,14654.0,200.761016368866,0.0137000830059277,72.99225848247171,NVIDIA GeForce RTX 3060 Ti,6661.0,8192,94.0
32,simple,long,14002.0,191.728887796402,0.0136929644191116,73.0302051033061,NVIDIA GeForce RTX 3060 Ti,6669.0,8192,94.0
32,simple,long,15008.0,205.9780614376068,0.0137245510019727,72.86212859395272,NVIDIA GeForce RTX 3060 Ti,6661.0,8192,94.0
32,simple,long,14334.0,196.48825645446777,0.0137078454342449,72.95092469468585,NVIDIA GeForce RTX 3060 Ti,6669.0,8192,94.0
32,simple,long,14362.0,196.95532870292664,0.01371364216007,72.9200885022137,NVIDIA GeForce RTX 3060 Ti,6669.0,8192,95.0
32,simple,long,14358.0,196.76083302497864,0.0137039164942874,72.9718398690519,NVIDIA GeForce RTX 3060 Ti,6669.0,8192,92.0
32,simple,long,14118.0,193.4057574272156,0.0136992320036276,72.99679279358077,NVIDIA GeForce RTX 3060 Ti,6669.0,8192,75.0
32,simple,long,14075.0,192.9437975883484,0.0137082627060993,72.94870410931505,NVIDIA GeForce RTX 3060 Ti,6669.0,8192,95.0
32,simple,long,14084.0,192.83573842048645,0.0136918303337465,73.0362541475027,NVIDIA GeForce RTX 3060 Ti,6661.0,8192,94.0
32,simple,long,13396.0,183.2482397556305,0.013679325153451,73.1030214416474,NVIDIA GeForce RTX 3060 Ti,6661.0,8192,92.0
32,simple,long,14351.0,196.6736619472504,0.0137045266495192,72.96859100457013,NVIDIA GeForce RTX 3060 Ti,6661.0,8192,92.0
32,simple,long,14146.0,193.8718500137329,0.0137050650370233,72.96572451853102,NVIDIA GeForce RTX 3060 Ti,6661.0,8192,94.0
32,simple,long,14319.0,196.1181695461273,0.0136963593509412,73.01210302512102,NVIDIA GeForce RTX 3060 Ti,6661.0,8192,94.0
32,simple,long,14074.0,192.8746554851532,0.0137043239651238,72.96967019642125,NVIDIA GeForce RTX 3060 Ti,6661.0,8192,94.0
32,simple,long,14153.0,193.768070936203,0.0136909539275208,73.04092945560568,NVIDIA GeForce RTX 3060 Ti,6661.0,8192,93.0
32,simple,long,13834.0,189.34507012367249,0.0136869358192621,73.06237226543155,NVIDIA GeForce RTX 3060 Ti,6656.0,8192,95.0
32,simple,long,14646.0,200.8697555065155,0.01371499081705,72.91291794062514,NVIDIA GeForce RTX 3060 Ti,6656.0,8192,95.0
32,simple,long,14468.0,198.1182107925415,0.0136935451197498,73.02710811955643,NVIDIA GeForce RTX 3060 Ti,6656.0,8192,94.0
32,simple,long,14707.0,201.47618746757507,0.0136993395979856,72.99621947813013,NVIDIA GeForce RTX 3060 Ti,6619.0,8192,95.0
32,simple,long,14789.0,202.8821921348572,0.0137184523723617,72.89451993977693,NVIDIA GeForce RTX 3060 Ti,6624.0,8192,95.0
32,moderate,short,4546.0,61.60570931434631,0.0135516298535737,73.79186199778661,NVIDIA GeForce RTX 3060 Ti,7037.0,8192,92.0
32,moderate,short,4421.0,60.14941668510437,0.013605387171478,73.50029715408418,NVIDIA GeForce RTX 3060 Ti,7036.0,8192,93.0
32,moderate,short,3345.0,45.08205962181091,0.0134774468226639,74.19802972758754,NVIDIA GeForce RTX 3060 Ti,6974.0,8192,94.0
32,moderate,short,4323.0,58.53855562210083,0.0135411879764285,73.84876435809907,NVIDIA GeForce RTX 3060 Ti,6962.0,8192,94.0
32,moderate,short,4344.0,58.988882064819336,0.0135793927405201,73.6409955222857,NVIDIA GeForce RTX 3060 Ti,6957.0,8192,94.0
32,moderate,short,4374.0,58.99560809135437,0.0134877933450741,74.14111222019926,NVIDIA GeForce RTX 3060 Ti,6957.0,8192,92.0
32,moderate,short,3642.0,49.21771812438965,0.0135139258990636,73.99774184563874,NVIDIA GeForce RTX 3060 Ti,6957.0,8192,91.0
32,moderate,long,16550.0,227.4735038280487,0.0137446225877975,72.75572636587354,NVIDIA GeForce RTX 3060 Ti,6952.0,8192,94.0
32,moderate,long,16958.0,233.139089345932,0.0137480297998544,72.73769511399996,NVIDIA GeForce RTX 3060 Ti,6957.0,8192,94.0
32,moderate,long,16569.0,227.91244554519653,0.0137553531018888,72.69896981871601,NVIDIA GeForce RTX 3060 Ti,6952.0,8192,93.0
32,complex,short,12602.0,221.09010696411133,0.0175440491163395,56.99938442766067,NVIDIA GeForce RTX 3060 Ti,7027.0,8192,94.0
32,moderate,long,16885.0,232.48822140693665,0.0137689204268247,72.62733525947225,NVIDIA GeForce RTX 3060 Ti,6367.0,8192,93.0
32,moderate,long,16487.0,226.80721879005432,0.0137567306841787,72.69168983224165,NVIDIA GeForce RTX 3060 Ti,6367.0,8192,93.0
32,moderate,long,16701.0,229.59603023529053,0.0137474420834255,72.74080472072961,NVIDIA GeForce RTX 3060 Ti,6366.0,8192,94.0
32,moderate,long,16467.0,228.47495532035828,0.0138747164219565,72.07354511530878,NVIDIA GeForce RTX 3060 Ti,6376.0,8192,94.0
32,moderate,long,16258.0,223.3689489364624,0.0137390176489397,72.78540762899237,NVIDIA GeForce RTX 3060 Ti,6378.0,8192,94.0
32,complex,short,11097.0,151.491801738739,0.0136515996880903,73.25148867882471,NVIDIA GeForce RTX 3060 Ti,6385.0,8192,94.0
32,complex,short,11103.0,151.2778034210205,0.0136249485203116,73.39477272220364,NVIDIA GeForce RTX 3060 Ti,6394.0,8192,93.0
32,complex,short,12299.0,168.26104879379272,0.0136808723305791,73.09475418207259,NVIDIA GeForce RTX 3060 Ti,6393.0,8192,94.0
32,complex,short,11588.0,158.12733435630798,0.0136457830821805,73.28271261367617,NVIDIA GeForce RTX 3060 Ti,6399.0,8192,95.0
32,complex,short,11377.0,155.00174736976624,0.0136241317895549,73.39917254519372,NVIDIA GeForce RTX 3060 Ti,6400.0,8192,93.0
32,complex,long,18704.0,257.1824870109558,0.0137501329667961,72.72656943862286,NVIDIA GeForce RTX 3060 Ti,6399.0,8192,94.0
32,complex,long,17734.0,244.1671776771545,0.0137683082032905,72.63056471680419,NVIDIA GeForce RTX 3060 Ti,6407.0,8192,94.0
32,complex,long,17858.0,245.57202768325809,0.0137513734843352,72.7200087423372,NVIDIA GeForce RTX 3060 Ti,6408.0,8192,92.0
32,complex,long,18028.0,248.0114727020264,0.0137570153484594,72.69018567403033,NVIDIA GeForce RTX 3060 Ti,6416.0,8192,94.0
32,complex,long,18674.0,256.8755958080292,0.0137557885727765,72.69666836687608,NVIDIA GeForce RTX 3060 Ti,6423.0,8192,94.0
32,complex,short,11097.0,155.6083162346935,0.0147630372008067,68.5669505948952,NVIDIA GeForce RTX 3060 Ti,6459.0,8192,94.0
32,complex,short,11297.0,169.55672995883546,0.0147013887021177,68.7461813354907,NVIDIA GeForce RTX 3060 Ti,6459.0,8192,94.0
32,complex,short,11497.0,158.46584685388893,0.0149405039816242,69.81530469182039,NVIDIA GeForce RTX 3060 Ti,6459.0,8192,94.0
32,complex,short,11698.0,183.5650985684155,0.0142409294887458,73.85707767207535,NVIDIA GeForce RTX 3060 Ti,6459.0,8192,94.0
32,complex,short,11898.0,159.01551762612544,0.0135994791275207,71.09530785486798,NVIDIA GeForce RTX 3060 Ti,6459.0,8192,94.0
32,complex,short,12098.0,170.00310681239057,0.0138807735661977,73.47733940771305,NVIDIA GeForce RTX 3060 Ti,6459.0,8192,94.0
32,complex,short,12298.0,193.1709930941514,0.0148228388689954,76.42586555245339,NVIDIA GeForce RTX 3060 Ti,6459.0,8192,94.0
32,complex,short,12498.0,178.38755010656317,0.015026568554382,70.74958485507253,NVIDIA GeForce RTX 3060 Ti,6459.0,8192,94.0
32,complex,short,12698.0,189.13473414929464,0.0142677857353952,74.48732949921505,NVIDIA GeForce RTX 3060 Ti,6459.0,8192,94.0
32,complex,short,12899.0,200.90474483131925,0.0144787129712359,65.24350077350152,NVIDIA GeForce RTX 3060 Ti,6459.0,8192,94.0
32,complex,short,13099.0,181.9185333611217,0.0143226212317771,63.40616819262299,NVIDIA GeForce RTX 3060 Ti,6459.0,8192,94.0
32,complex,short,13299.0,202.8453124308225,0.0148088227373492,71.74718844135533,NVIDIA GeForce RTX 3060 Ti,6459.0,8192,94.0
32,complex,short,13499.0,206.0795212319207,0.0146806464989659,65.77451466448656,NVIDIA GeForce RTX 3060 Ti,6459.0,8192,94.0
32,complex,short,13699.0,200.8642015049058,0.0145334704428394,72.72061854639247,NVIDIA GeForce RTX 3060 Ti,6459.0,8192,94.0
32,complex,short,13900.0,189.16543601218112,0.0141632353713076,69.97160798566973,NVIDIA GeForce RTX 3060 Ti,6459.0,8192,94.0
32,complex,short,14100.0,188.0473552279689,0.0133144870137472,74.28339832295677,NVIDIA GeForce RTX 3060 Ti,6459.0,8192,94.0
32,complex,short,14300.0,197.6692019602085,0.0139024220244495,74.64570087031647,NVIDIA GeForce RTX 3060 Ti,6459.0,8192,94.0
32,complex,short,14500.0,216.94149714404804,0.0144215323477694,71.33471257299152,NVIDIA GeForce RTX 3060 Ti,6459.0,8192,94.0
32,complex,short,14700.0,198.4480210665191,0.0137376934925926,67.94397620785209,NVIDIA GeForce RTX 3060 Ti,6459.0,8192,94.0
32,complex,short,14900.0,203.76629838754184,0.0139840542652005,68.2732683188977,NVIDIA GeForce RTX 3060 Ti,6459.0,8192,94.0
32,complex,short,15101.0,198.6669682377326,0.0127307952404058,68.93893184855355,NVIDIA GeForce RTX 3060 Ti,6459.0,8192,94.0
32,complex,short,15301.0,222.37460752103,0.014035904995346,76.82633814127061,NVIDIA GeForce RTX 3060 Ti,6459.0,8192,94.0
32,complex,short,15501.0,235.07064990832868,0.0140727107101447,74.50521381012167,NVIDIA GeForce RTX 3060 Ti,6459.0,8192,94.0
32,complex,short,15701.0,233.42610066343084,0.0138645461230375,76.15463546206962,NVIDIA GeForce RTX 3060 Ti,6459.0,8192,94.0
32,complex,short,15901.0,223.9440905379212,0.0143958939807575,69.2846880416272,NVIDIA GeForce RTX 3060 Ti,6459.0,8192,94.0
32,complex,short,16102.0,205.6808920812231,0.0134156992003771,66.20248115268889,NVIDIA GeForce RTX 3060 Ti,6459.0,8192,94.0
32,complex,short,16302.0,239.4537970419481,0.0148757711762846,70.67869746511947,NVIDIA GeForce RTX 3060 Ti,6459.0,8192,94.0
32,complex,short,16502.0,234.65042934044743,0.0145586775623896,70.08505138714962,NVIDIA GeForce RTX 3060 Ti,6459.0,8192,94.0
32,complex,short,16702.0,245.3458101242718,0.0141015591250736,71.34563041777935,NVIDIA GeForce RTX 3060 Ti,6459.0,8192,94.0
32,complex,short,16902.0,246.65347100721343,0.014350258472372,76.94307574408919,NVIDIA GeForce RTX 3060 Ti,6459.0,8192,94.0
32,complex,short,17103.0,223.1681056247931,0.013457546753284,74.76364680823302,NVIDIA GeForce RTX 3060 Ti,6459.0,8192,94.0
32,complex,short,17303.0,230.0623941311272,0.0141398253041966,63.90651688374735,NVIDIA GeForce RTX 3060 Ti,6459.0,8192,94.0
32,complex,short,17503.0,242.47486230955005,0.0146080021257479,75.2030544655298,NVIDIA GeForce RTX 3060 Ti,6459.0,8192,94.0
32,complex,short,17703.0,239.43527444469345,0.0129642867663958,68.0244884578151,NVIDIA GeForce RTX 3060 Ti,6459.0,8192,94.0
32,complex,short,17903.0,230.12134793995287,0.0138945499651856,72.0909595026874,NVIDIA GeForce RTX 3060 Ti,6459.0,8192,94.0
32,complex,short,18103.0,218.87535740832027,0.0125279989761121,67.36133534109453,NVIDIA GeForce RTX 3060 Ti,6459.0,8192,94.0
32,complex,short,18304.0,220.40960399858488,0.0127597325063177,71.42578070540648,NVIDIA GeForce RTX 3060 Ti,6459.0,8192,94.0
32,complex,short,18504.0,255.4139232951222,0.0142105626188494,67.32860693167682,NVIDIA GeForce RTX 3060 Ti,6459.0,8192,94.0
32,complex,short,18704.0,304.05623462084,0.0148663648218364,78.7224657775909,NVIDIA GeForce RTX 3060 Ti,6459.0,8192,94.0
32,moderate,short,3345.0,41.81487496602117,0.0128777421516129,69.65963110843923,NVIDIA GeForce RTX 3060 Ti,6773.0,8192,93.0
32,moderate,short,3745.0,49.5198986340202,0.013289828442358,72.83402042357024,NVIDIA GeForce RTX 3060 Ti,6773.0,8192,93.0
32,moderate,short,4146.0,58.325704969079126,0.0146407555184956,75.12442274999633,NVIDIA GeForce RTX 3060 Ti,6773.0,8192,93.0
32,moderate,short,4546.0,57.2630435919525,0.0120777561506623,73.53880849181841,NVIDIA GeForce RTX 3060 Ti,6773.0,8192,93.0
32,moderate,short,4947.0,75.30333902980541,0.0143842385549587,76.32984530727572,NVIDIA GeForce RTX 3060 Ti,6773.0,8192,93.0
32,moderate,short,5347.0,76.98469249021211,0.0130837921869973,72.6665781765409,NVIDIA GeForce RTX 3060 Ti,6773.0,8192,93.0
32,moderate,short,5747.0,89.37517111868051,0.0138714566767573,76.99863756927728,NVIDIA GeForce RTX 3060 Ti,6773.0,8192,93.0
32,moderate,short,6148.0,86.43432960835761,0.0132817124309574,73.45870847705599,NVIDIA GeForce RTX 3060 Ti,6773.0,8192,93.0
32,moderate,short,6548.0,94.08123824383088,0.0134098583565632,72.0266145170068,NVIDIA GeForce RTX 3060 Ti,6773.0,8192,93.0
32,moderate,short,6948.0,96.1535524414948,0.0149390502936326,72.42105409562062,NVIDIA GeForce RTX 3060 Ti,6773.0,8192,93.0
32,moderate,short,7349.0,102.49293435563288,0.0142168704901948,67.26306644110008,NVIDIA GeForce RTX 3060 Ti,6773.0,8192,93.0
32,moderate,short,7749.0,115.45469817027784,0.0141984838484059,71.71293876946736,NVIDIA GeForce RTX 3060 Ti,6773.0,8192,93.0
32,moderate,short,8150.0,118.84329256489946,0.0149087951501596,73.76292770804397,NVIDIA GeForce RTX 3060 Ti,6773.0,8192,93.0
32,moderate,short,8550.0,106.8004166714891,0.012463270865451,73.68152493515379,NVIDIA GeForce RTX 3060 Ti,6773.0,8192,93.0
32,moderate,short,8950.0,119.43532121601916,0.0134784733722442,75.8727106988719,NVIDIA GeForce RTX 3060 Ti,6773.0,8192,93.0
32,moderate,short,9351.0,131.14028425554892,0.0141326962702873,76.2735072303477,NVIDIA GeForce RTX 3060 Ti,6773.0,8192,93.0
32,moderate,short,9751.0,129.91844332898384,0.0131931272295756,77.69188575820208,NVIDIA GeForce RTX 3060 Ti,6773.0,8192,93.0
32,moderate,short,10152.0,143.17396644976492,0.0129093308409025,68.60915103996314,NVIDIA GeForce RTX 3060 Ti,6773.0,8192,93.0
32,moderate,short,10552.0,149.9711031002401,0.0139675179456155,67.17179395924825,NVIDIA GeForce RTX 3060 Ti,6773.0,8192,93.0
32,moderate,short,10952.0,139.16470449566393,0.0133342865575481,74.5722736535896,NVIDIA GeForce RTX 3060 Ti,6773.0,8192,93.0
32,moderate,short,11353.0,150.40996409635773,0.0132149146016616,77.45374712873993,NVIDIA GeForce RTX 3060 Ti,6773.0,8192,93.0
32,moderate,short,11753.0,142.22322739854874,0.0123900247380952,72.79989388453035,NVIDIA GeForce RTX 3060 Ti,6773.0,8192,93.0
32,moderate,short,12153.0,166.8189475963066,0.0135541360897399,71.13114943880073,NVIDIA GeForce RTX 3060 Ti,6773.0,8192,93.0
32,moderate,short,12554.0,175.02513925680535,0.0134533127042431,81.048754744109,NVIDIA GeForce RTX 3060 Ti,6773.0,8192,93.0
32,moderate,short,12954.0,184.2137234970041,0.0135984175081815,76.56879013143015,NVIDIA GeForce RTX 3060 Ti,6773.0,8192,93.0
32,moderate,short,13355.0,184.36526757891104,0.0140289686195816,75.14963058026089,NVIDIA GeForce RTX 3060 Ti,6773.0,8192,93.0
32,moderate,short,13755.0,184.1425260088407,0.0141230473845154,69.99365249082652,NVIDIA GeForce RTX 3060 Ti,6773.0,8192,93.0
32,moderate,short,14155.0,168.5878204060787,0.0129862606716107,75.6984077171503,NVIDIA GeForce RTX 3060 Ti,6773.0,8192,93.0
32,moderate,short,14556.0,212.8459136997427,0.0145951836781188,69.56439159551002,NVIDIA GeForce RTX 3060 Ti,6773.0,8192,93.0
32,moderate,short,14956.0,189.27565028373664,0.0140151870788452,66.16612289138622,NVIDIA GeForce RTX 3060 Ti,6773.0,8192,93.0
32,moderate,short,15356.0,245.80778946949573,0.0145043196488229,69.4745469736297,NVIDIA GeForce RTX 3060 Ti,6773.0,8192,93.0
32,moderate,short,15757.0,213.15023149259167,0.0128663194664583,68.82176866422115,NVIDIA GeForce RTX 3060 Ti,6773.0,8192,93.0
32,moderate,short,16157.0,209.8245369976179,0.0124894794121078,79.52101375242988,NVIDIA GeForce RTX 3060 Ti,6773.0,8192,93.0
32,moderate,short,16558.0,230.65882413596373,0.0136791515447198,74.10560750630299,NVIDIA GeForce RTX 3060 Ti,6773.0,8192,93.0
32,moderate,short,16958.0,227.7081367573121,0.0140435534489132,72.92155369375848,NVIDIA GeForce RTX 3060 Ti,6773.0,8192,93.0
128,simple,short,7746.0,105.00113821029665,0.0135555303653881,73.77062889057721,NVIDIA GeForce RTX 3060 Ti,6710.0,8192,94.0
128,simple,short,8164.0,110.78572535514832,0.0135700300533008,73.69180437126245,NVIDIA GeForce RTX 3060 Ti,6710.0,8192,93.0
128,simple,short,8967.0,121.30939269065856,0.0135284256374103,73.9184312204582,NVIDIA GeForce RTX 3060 Ti,6669.0,8192,92.0
128,simple,short,8306.0,112.6467583179474,0.0135620946686669,73.73492254926835,NVIDIA GeForce RTX 3060 Ti,6669.0,8192,93.0
128,simple,short,8645.0,116.9163248538971,0.0135241555643605,73.9417699863822,NVIDIA GeForce RTX 3060 Ti,6661.0,8192,93.0
128,simple,short,8333.0,113.05676317214966,0.0135673542748289,73.70633800395895,NVIDIA GeForce RTX 3060 Ti,6661.0,8192,92.0
128,simple,short,9133.0,123.37297797203064,0.0135084832992478,74.02755571054225,NVIDIA GeForce RTX 3060 Ti,6661.0,8192,93.0
128,simple,short,8693.0,117.86905264854433,0.0135590765729373,73.751335101677,NVIDIA GeForce RTX 3060 Ti,6661.0,8192,94.0
128,simple,short,8761.0,118.84279346466064,0.0135649804205753,73.71923651900012,NVIDIA GeForce RTX 3060 Ti,6661.0,8192,94.0
128,simple,short,8356.0,113.38400030136108,0.0135691718886262,73.69646491383928,NVIDIA GeForce RTX 3060 Ti,6661.0,8192,94.0
128,simple,short,8684.0,117.64883756637572,0.0135477703323785,73.81288399981526,NVIDIA GeForce RTX 3060 Ti,6661.0,8192,93.0
128,simple,short,8687.0,117.26432991027832,0.0134988292748104,74.08049836336954,NVIDIA GeForce RTX 3060 Ti,6661.0,8192,94.0
128,simple,short,8796.0,118.50884938240053,0.013473038811096,74.22230530327192,NVIDIA GeForce RTX 3060 Ti,6661.0,8192,94.0
128,simple,short,8609.0,116.22613430023192,0.0135005383087736,74.07112050858962,NVIDIA GeForce RTX 3060 Ti,6656.0,8192,90.0
128,simple,short,9398.0,127.10624241828918,0.0135248183037124,73.93814671251529,NVIDIA GeForce RTX 3060 Ti,6661.0,8192,94.0
128,simple,short,8381.0,113.06626081466676,0.0134907840132044,74.12467644736007,NVIDIA GeForce RTX 3060 Ti,6661.0,8192,91.0
128,simple,short,8629.0,117.42915153503418,0.0136086628270986,73.48260535992715,NVIDIA GeForce RTX 3060 Ti,6661.0,8192,92.0
128,simple,short,8451.0,114.23018288612366,0.0135167652214085,73.98219793121422,NVIDIA GeForce RTX 3060 Ti,6661.0,8192,94.0
128,simple,short,8818.0,119.05894160270692,0.0135018078478914,74.0641557979339,NVIDIA GeForce RTX 3060 Ti,6661.0,8192,93.0
128,simple,short,8001.0,108.36726093292236,0.0135442145897915,73.83226198687899,NVIDIA GeForce RTX 3060 Ti,6661.0,8192,94.0
128,simple,short,8989.0,121.69766998291016,0.0135385103997007,73.86336978565254,NVIDIA GeForce RTX 3060 Ti,6661.0,8192,94.0
128,simple,short,8765.0,118.4644536972046,0.0135156250652828,73.98843894898093,NVIDIA GeForce RTX 3060 Ti,6661.0,8192,94.0
128,simple,short,8203.0,110.98514747619627,0.0135298241467994,73.91079064664352,NVIDIA GeForce RTX 3060 Ti,6661.0,8192,93.0
128,simple,short,8937.0,120.7736954689026,0.0135138967739624,73.9979013253026,NVIDIA GeForce RTX 3060 Ti,6661.0,8192,91.0
128,simple,short,8345.0,112.95768022537231,0.0135359712672704,73.87722537635439,NVIDIA GeForce RTX 3060 Ti,6661.0,8192,92.0
128,simple,short,8824.0,119.14117455482484,0.0135019463457417,74.0633960758838,NVIDIA GeForce RTX 3060 Ti,6661.0,8192,94.0
128,simple,short,8391.0,113.5585958957672,0.0135333805143328,73.89136800970931,NVIDIA GeForce RTX 3060 Ti,6661.0,8192,94.0
128,simple,short,8478.0,114.42418575286864,0.0134966012919165,74.09272737418151,NVIDIA GeForce RTX 3060 Ti,6661.0,8192,92.0
128,simple,short,8662.0,117.15318393707275,0.0135249577392141,73.9373844474656,NVIDIA GeForce RTX 3060 Ti,6661.0,8192,91.0
128,simple,short,8843.0,119.9076886177063,0.0135596164896196,73.74839847170725,NVIDIA GeForce RTX 3060 Ti,6661.0,8192,94.0
128,simple,short,9121.0,123.3956973552704,0.0135287465579728,73.91667777312846,NVIDIA GeForce RTX 3060 Ti,6661.0,8192,90.0
128,simple,short,9184.0,123.9753484725952,0.0134990579782878,74.07924327819192,NVIDIA GeForce RTX 3060 Ti,6661.0,8192,93.0
128,simple,short,8592.0,116.20238614082336,0.0135244862826842,73.93996186608015,NVIDIA GeForce RTX 3060 Ti,6661.0,8192,94.0
128,simple,short,9060.0,122.25419545173644,0.0134938405575868,74.10788616720077,NVIDIA GeForce RTX 3060 Ti,6661.0,8192,94.0
128,simple,short,8712.0,117.93619108200072,0.0135372120158403,73.8704541843527,NVIDIA GeForce RTX 3060 Ti,6661.0,8192,92.0
128,simple,short,8720.0,118.51019167900084,0.013590618311812,73.58016957410018,NVIDIA GeForce RTX 3060 Ti,6661.0,8192,94.0
128,simple,short,8569.0,115.77818608283997,0.0135112832399159,74.01221499418578,NVIDIA GeForce RTX 3060 Ti,6661.0,8192,94.0
128,simple,short,8276.0,111.90357041358948,0.0135214560673742,73.95653212325895,NVIDIA GeForce RTX 3060 Ti,6661.0,8192,94.0
128,simple,short,8832.0,119.17054224014282,0.0134930414674074,74.11227501342127,NVIDIA GeForce RTX 3060 Ti,6661.0,8192,92.0
128,simple,short,8583.0,115.78457593917848,0.013489989041032,74.12904465365614,NVIDIA GeForce RTX 3060 Ti,6661.0,8192,94.0
128,simple,short,8675.0,117.30307149887084,0.0135219678961234,73.95373274674658,NVIDIA GeForce RTX 3060 Ti,6661.0,8192,93.0
128,simple,short,8863.0,119.6879541873932,0.0135042259040272,74.05089392808375,NVIDIA GeForce RTX 3060 Ti,6661.0,8192,90.0
128,simple,short,9211.0,124.42412996292114,0.0135082108308458,74.0290488890291,NVIDIA GeForce RTX 3060 Ti,6661.0,8192,93.0
128,simple,short,8378.0,113.46918177604675,0.0135437075407074,73.83502611780169,NVIDIA GeForce RTX 3060 Ti,6661.0,8192,94.0
128,simple,short,8088.0,109.68067717552184,0.0135609145864888,73.74133902416361,NVIDIA GeForce RTX 3060 Ti,6669.0,8192,94.0
128,simple,short,9039.0,122.451730966568,0.0135470440277207,73.81684136803133,NVIDIA GeForce RTX 3060 Ti,6669.0,8192,94.0
128,simple,short,9290.0,125.68357491493224,0.0135289101092499,73.91578419286569,NVIDIA GeForce RTX 3060 Ti,6669.0,8192,92.0
128,simple,short,8097.0,109.56692147254944,0.0135317922036,73.90004109980035,NVIDIA GeForce RTX 3060 Ti,6661.0,8192,94.0
128,simple,short,9227.0,125.0871856212616,0.013556647406661,73.76455033481581,NVIDIA GeForce RTX 3060 Ti,6661.0,8192,90.0
128,simple,short,8404.0,114.02284526824953,0.013567687442676,73.70452807267523,NVIDIA GeForce RTX 3060 Ti,6661.0,8192,93.0
128,simple,long,56292.0,769.9329752922058,0.0136774848165317,73.11285762067276,NVIDIA GeForce RTX 3060 Ti,6661.0,8192,95.0
128,simple,long,58316.0,798.0389668941498,0.0136847343249562,73.07412597527322,NVIDIA GeForce RTX 3060 Ti,6656.0,8192,94.0
128,simple,long,56948.0,779.3821761608124,0.0136858568546887,73.06813235134818,NVIDIA GeForce RTX 3060 Ti,6656.0,8192,94.0
128,simple,long,57170.0,782.630295753479,0.0136895276500521,73.04853940641215,NVIDIA GeForce RTX 3060 Ti,6661.0,8192,95.0
128,simple,long,57633.0,788.9137632846832,0.0136885770875138,73.05361204505043,NVIDIA GeForce RTX 3060 Ti,6656.0,8192,92.0
128,simple,long,57800.0,791.3292138576508,0.0136908168487482,73.0416607750784,NVIDIA GeForce RTX 3060 Ti,6656.0,8192,94.0
128,simple,long,56631.0,775.022552728653,0.0136854823811808,73.07013170212527,NVIDIA GeForce RTX 3060 Ti,6661.0,8192,93.0
128,simple,long,57251.0,783.1563286781311,0.0136793475865597,73.10290155815053,NVIDIA GeForce RTX 3060 Ti,6661.0,8192,94.0
128,simple,long,57770.0,790.6326205730438,0.0136858684537483,73.06807042457822,NVIDIA GeForce RTX 3060 Ti,6656.0,8192,94.0
128,simple,long,57981.0,795.2971649169922,0.0137165134253805,72.90482420624707,NVIDIA GeForce RTX 3060 Ti,6661.0,8192,94.0
128,simple,long,56839.0,777.825742483139,0.0136847189866665,73.0742078791923,NVIDIA GeForce RTX 3060 Ti,6656.0,8192,94.0
128,simple,long,57895.0,792.4151203632355,0.013687108046692,73.06145290799283,NVIDIA GeForce RTX 3060 Ti,6656.0,8192,94.0
128,simple,long,57088.0,780.8991568088531,0.0136788669564331,73.10547015224128,NVIDIA GeForce RTX 3060 Ti,6661.0,8192,94.0
128,simple,long,57174.0,781.7771594524384,0.0136736481521747,73.13337222597426,NVIDIA GeForce RTX 3060 Ti,6656.0,8192,94.0
128,simple,long,57816.0,791.0330572128296,0.0136819056526364,73.08923372142266,NVIDIA GeForce RTX 3060 Ti,6657.0,8192,94.0
128,simple,long,57707.0,789.9858002662659,0.013689600919581,73.04814843576906,NVIDIA GeForce RTX 3060 Ti,6656.0,8192,92.0
128,simple,long,57287.0,783.6751971244812,0.0136798086324031,73.10043779642598,NVIDIA GeForce RTX 3060 Ti,6656.0,8192,94.0
128,simple,long,57718.0,789.8357970714569,0.0136843930328746,73.0759484617006,NVIDIA GeForce RTX 3060 Ti,6656.0,8192,94.0
128,simple,long,57682.0,789.992173910141,0.0136956446362841,73.01591320138968,NVIDIA GeForce RTX 3060 Ti,6619.0,8192,92.0
128,simple,long,56978.0,779.1831510066986,0.0136751579733703,73.12529785376502,NVIDIA GeForce RTX 3060 Ti,6624.0,8192,94.0
128,simple,long,57315.0,784.1066677570343,0.0136806537164273,73.09592222184725,NVIDIA GeForce RTX 3060 Ti,6619.0,8192,94.0
128,moderate,short,15409.0,207.87512016296387,0.0134905003675101,74.12623496222204,NVIDIA GeForce RTX 3060 Ti,7037.0,8192,94.0
128,moderate,short,15980.0,215.1359097957611,0.0134628228908486,74.27862700918031,NVIDIA GeForce RTX 3060 Ti,6962.0,8192,95.0
128,moderate,short,16843.0,227.1306569576264,0.0134851663573963,74.15555533369607,NVIDIA GeForce RTX 3060 Ti,6957.0,8192,91.0
128,moderate,short,16199.0,218.1804177761078,0.0134687584280577,74.24589321587548,NVIDIA GeForce RTX 3060 Ti,6957.0,8192,94.0
128,moderate,short,15645.0,210.57066535949707,0.0134592946858099,74.29809832860646,NVIDIA GeForce RTX 3060 Ti,6957.0,8192,94.0
128,moderate,short,16841.0,226.6569962501526,0.0134586423757587,74.30169938991531,NVIDIA GeForce RTX 3060 Ti,6957.0,8192,93.0
128,moderate,long,66460.0,912.832060098648,0.0137350595861969,72.80638236218148,NVIDIA GeForce RTX 3060 Ti,6952.0,8192,92.0
128,moderate,long,68214.0,936.4720981121064,0.013728444279944,72.84146547186717,NVIDIA GeForce RTX 3060 Ti,6957.0,8192,94.0
128,complex,short,45749.0,808.7443878650665,0.0176778593600967,56.56793504406105,NVIDIA GeForce RTX 3060 Ti,6861.0,8192,94.0
128,moderate,long,67212.0,924.4578404426576,0.0137543569666526,72.70423491439796,NVIDIA GeForce RTX 3060 Ti,6367.0,8192,91.0
128,moderate,long,66514.0,914.327605485916,0.0137463933229984,72.74635437114618,NVIDIA GeForce RTX 3060 Ti,6366.0,8192,94.0
128,moderate,long,66466.0,913.001753091812,0.0137363727784402,72.79942209849857,NVIDIA GeForce RTX 3060 Ti,6366.0,8192,92.0
128,moderate,long,67381.0,926.1753549575806,0.0137453489107846,72.75188185404274,NVIDIA GeForce RTX 3060 Ti,6378.0,8192,95.0
128,moderate,long,67542.0,927.1609728336334,0.0137271767616243,72.84819139180863,NVIDIA GeForce RTX 3060 Ti,6369.0,8192,94.0
128,complex,short,45800.0,624.3251152038574,0.0136315527337086,73.35921442956075,NVIDIA GeForce RTX 3060 Ti,6378.0,8192,94.0
128,complex,short,46870.0,638.9709951877594,0.0136328353997815,73.35231231619115,NVIDIA GeForce RTX 3060 Ti,6378.0,8192,95.0
128,complex,short,46439.0,633.902505159378,0.0136502186773913,73.25889962893291,NVIDIA GeForce RTX 3060 Ti,6378.0,8192,95.0
128,complex,short,45383.0,618.4739129543304,0.0136278763623896,73.37900443240068,NVIDIA GeForce RTX 3060 Ti,6385.0,8192,94.0
128,complex,short,47226.0,643.989471912384,0.0136363332044294,73.3334969898781,NVIDIA GeForce RTX 3060 Ti,6385.0,8192,95.0
128,complex,long,73797.0,1014.08376455307,0.0137415310182401,72.77209494870873,NVIDIA GeForce RTX 3060 Ti,6385.0,8192,94.0
128,complex,long,72893.0,1002.2434558868408,0.0137495158092936,72.72983382615377,NVIDIA GeForce RTX 3060 Ti,6393.0,8192,94.0
128,complex,long,73148.0,1005.556718826294,0.0137468791877603,72.74378325011823,NVIDIA GeForce RTX 3060 Ti,6401.0,8192,94.0
128,complex,long,73861.0,1015.4969375133514,0.0137487569558136,72.73384810087514,NVIDIA GeForce RTX 3060 Ti,6393.0,8192,94.0
128,complex,long,72670.0,998.4315941333772,0.0137392540819234,72.78415509584953,NVIDIA GeForce RTX 3060 Ti,6393.0,8192,94.0
128,complex,short,45383.0,677.5906023071376,0.0147720929206995,72.37177813202864,NVIDIA GeForce RTX 3060 Ti,6430.0,8192,94.0
128,complex,short,46132.0,634.3101463232362,0.0135053974541427,66.24620350306658,NVIDIA GeForce RTX 3060 Ti,6430.0,8192,94.0
128,complex,short,46882.0,612.9500779344346,0.0138430004484677,71.11400197548146,NVIDIA GeForce RTX 3060 Ti,6430.0,8192,94.0
128,complex,short,47631.0,701.0044819902602,0.0142711285952771,69.01975307867785,NVIDIA GeForce RTX 3060 Ti,6430.0,8192,94.0
128,complex,short,48381.0,696.2248045465221,0.0141377806830383,70.10880732974367,NVIDIA GeForce RTX 3060 Ti,6430.0,8192,94.0
128,complex,short,49130.0,673.8716999230195,0.0146554291191711,75.37308230832419,NVIDIA GeForce RTX 3060 Ti,6430.0,8192,94.0
128,complex,short,49880.0,679.9609781833259,0.0140053807935515,73.50359419182428,NVIDIA GeForce RTX 3060 Ti,6430.0,8192,94.0
128,complex,short,50629.0,660.5667951787324,0.0142070031873109,74.37756430898588,NVIDIA GeForce RTX 3060 Ti,6430.0,8192,94.0
128,complex,short,51378.0,821.5254596446135,0.0140075787023624,69.53190105645416,NVIDIA GeForce RTX 3060 Ti,6430.0,8192,94.0
128,complex,short,52128.0,687.5189724562096,0.01359407047644,69.52126393515401,NVIDIA GeForce RTX 3060 Ti,6430.0,8192,94.0
128,complex,short,52877.0,765.0434223600712,0.0135403943589932,69.03733979413585,NVIDIA GeForce RTX 3060 Ti,6430.0,8192,94.0
128,complex,short,53627.0,728.4637257744387,0.0133656172419868,66.7553252136278,NVIDIA GeForce RTX 3060 Ti,6430.0,8192,94.0
128,complex,short,54376.0,725.4058132711102,0.0130447693562539,73.0054089057811,NVIDIA GeForce RTX 3060 Ti,6430.0,8192,94.0
128,complex,short,55125.0,776.8687607294582,0.0145033066458239,72.51771229483236,NVIDIA GeForce RTX 3060 Ti,6430.0,8192,94.0
128,complex,short,55875.0,826.343872762704,0.01497057950154,65.90239624614614,NVIDIA GeForce RTX 3060 Ti,6430.0,8192,94.0
128,complex,short,56624.0,752.9237838785086,0.0129758249287939,67.10606385393264,NVIDIA GeForce RTX 3060 Ti,6430.0,8192,94.0
128,complex,short,57374.0,781.7736963146183,0.0149287169027779,74.05727767368829,NVIDIA GeForce RTX 3060 Ti,6430.0,8192,94.0
128,complex,short,58123.0,720.4139711778446,0.0123896477287641,69.31102958866425,NVIDIA GeForce RTX 3060 Ti,6430.0,8192,94.0
128,complex,short,58873.0,871.2206633756548,0.0137307185009762,74.04713017943959,NVIDIA GeForce RTX 3060 Ti,6430.0,8192,94.0
128,complex,short,59622.0,725.1556339431388,0.0120906834879721,74.00470423147404,NVIDIA GeForce RTX 3060 Ti,6430.0,8192,94.0
128,complex,short,60371.0,817.4322403849826,0.0136082902285628,72.66329345594274,NVIDIA GeForce RTX 3060 Ti,6430.0,8192,94.0
128,complex,short,61121.0,879.0213998584323,0.0141360911246044,68.4255289358467,NVIDIA GeForce RTX 3060 Ti,6430.0,8192,94.0
128,complex,short,61870.0,851.0949913614852,0.0142743440972592,74.30950168595484,NVIDIA GeForce RTX 3060 Ti,6430.0,8192,94.0
128,complex,short,62620.0,872.9198003229321,0.0137487037316993,73.85652166104042,NVIDIA GeForce RTX 3060 Ti,6430.0,8192,94.0
128,complex,short,63369.0,861.8272632360996,0.0134702166045575,67.68864319749133,NVIDIA GeForce RTX 3060 Ti,6430.0,8192,94.0
128,complex,short,64119.0,911.1843103786572,0.0148778017946893,71.44179837532779,NVIDIA GeForce RTX 3060 Ti,6430.0,8192,94.0
128,complex,short,64868.0,1017.4648400542184,0.014434267558608,73.81597802057327,NVIDIA GeForce RTX 3060 Ti,6430.0,8192,94.0
128,complex,short,65617.0,965.9448762606868,0.0143680551617136,70.14043393746555,NVIDIA GeForce RTX 3060 Ti,6430.0,8192,94.0
128,complex,short,66367.0,846.7167988548865,0.0140347072759548,69.46560809685671,NVIDIA GeForce RTX 3060 Ti,6430.0,8192,94.0
128,complex,short,67116.0,908.9001725527444,0.0137631852862852,76.07647739921568,NVIDIA GeForce RTX 3060 Ti,6430.0,8192,94.0
128,complex,short,67866.0,1031.06873480354,0.0137809463411087,71.97779745929545,NVIDIA GeForce RTX 3060 Ti,6430.0,8192,94.0
128,complex,short,68615.0,979.7240467638542,0.0139763605073248,76.59186458686806,NVIDIA GeForce RTX 3060 Ti,6430.0,8192,94.0
128,complex,short,69364.0,943.9980330990508,0.0135123903156434,72.06049073185929,NVIDIA GeForce RTX 3060 Ti,6430.0,8192,94.0
128,complex,short,70114.0,1051.174428598025,0.0143341956045162,72.56440414775373,NVIDIA GeForce RTX 3060 Ti,6430.0,8192,94.0
128,complex,short,70863.0,921.8719117827236,0.0126449595329971,74.38832168642222,NVIDIA GeForce RTX 3060 Ti,6430.0,8192,94.0
128,complex,short,71613.0,988.6905508470772,0.0135177933494655,68.16935422118527,NVIDIA GeForce RTX 3060 Ti,6430.0,8192,94.0
128,complex,short,72362.0,1047.855137769344,0.0133763691734361,74.77163523723353,NVIDIA GeForce RTX 3060 Ti,6430.0,8192,94.0
128,complex,short,73112.0,930.5842204137736,0.0131675450781529,68.35839443022269,NVIDIA GeForce RTX 3060 Ti,6430.0,8192,94.0
128,complex,short,73861.0,985.959438943784,0.0131910894016908,74.23440198646381,NVIDIA GeForce RTX 3060 Ti,6430.0,8192,94.0
128,moderate,short,15409.0,191.13606412598884,0.0126494356890837,68.34474677098362,NVIDIA GeForce RTX 3060 Ti,6737.0,8192,93.0
128,moderate,short,16876.0,242.97884385077816,0.0146253240845154,72.44993164823617,NVIDIA GeForce RTX 3060 Ti,6737.0,8192,93.0
128,moderate,short,18343.0,247.57480065411653,0.0135397333867759,74.09046530355803,NVIDIA GeForce RTX 3060 Ti,6737.0,8192,93.0
128,moderate,short,19809.0,254.63958839991685,0.0137996769088117,72.58089192270619,NVIDIA GeForce RTX 3060 Ti,6737.0,8192,93.0
128,moderate,short,21276.0,255.25517863161795,0.014112374948212,67.21580780302536,NVIDIA GeForce RTX 3060 Ti,6737.0,8192,93.0
128,moderate,short,22743.0,333.37435001454315,0.0148732958064955,75.60101947309361,NVIDIA GeForce RTX 3060 Ti,6737.0,8192,93.0
128,moderate,short,24210.0,319.55249843429885,0.0137439990774139,72.61359619276753,NVIDIA GeForce RTX 3060 Ti,6737.0,8192,93.0
128,moderate,short,25677.0,314.2169161263421,0.0132441858853579,77.44597337452387,NVIDIA GeForce RTX 3060 Ti,6737.0,8192,93.0
128,moderate,short,27143.0,402.3419479637509,0.0139646323502821,76.79677978587793,NVIDIA GeForce RTX 3060 Ti,6737.0,8192,93.0
128,moderate,short,28610.0,363.1768368544977,0.0131271372521077,67.00060115662617,NVIDIA GeForce RTX 3060 Ti,6737.0,8192,93.0
128,moderate,short,30077.0,439.1608998589732,0.013730924520599,73.83003456524763,NVIDIA GeForce RTX 3060 Ti,6737.0,8192,93.0
128,moderate,short,31544.0,439.6474693478122,0.0133992772985142,78.40678368177173,NVIDIA GeForce RTX 3060 Ti,6737.0,8192,93.0
128,moderate,short,33011.0,506.01768765210943,0.015544740495959,70.36945753849663,NVIDIA GeForce RTX 3060 Ti,6737.0,8192,93.0
128,moderate,short,34477.0,490.7620023106626,0.0138060955265143,67.88250164764635,NVIDIA GeForce RTX 3060 Ti,6737.0,8192,93.0
128,moderate,short,35944.0,443.60805646362496,0.0123756375288357,71.8451667581757,NVIDIA GeForce RTX 3060 Ti,6737.0,8192,93.0
128,moderate,short,37411.0,541.1800480922011,0.014731139020266,80.40165766533096,NVIDIA GeForce RTX 3060 Ti,6737.0,8192,93.0
128,moderate,short,38878.0,520.6421986660979,0.0138316845592297,76.78169746686903,NVIDIA GeForce RTX 3060 Ti,6737.0,8192,93.0
128,moderate,short,40345.0,589.5084224489043,0.0142329423171328,75.48547459266733,NVIDIA GeForce RTX 3060 Ti,6737.0,8192,93.0
128,moderate,short,41812.0,491.02829977115607,0.0135491980580801,73.55667176602749,NVIDIA GeForce RTX 3060 Ti,6737.0,8192,93.0
128,moderate,short,43278.0,543.6298738954151,0.0124971270055244,75.70808459088816,NVIDIA GeForce RTX 3060 Ti,6737.0,8192,93.0
128,moderate,short,44745.0,562.4607600043364,0.0119718051282895,70.03387684788144,NVIDIA GeForce RTX 3060 Ti,6737.0,8192,93.0
128,moderate,short,46212.0,640.7854799867183,0.0139067626877249,70.80504090506567,NVIDIA GeForce RTX 3060 Ti,6737.0,8192,93.0
128,moderate,short,47679.0,649.3107017153006,0.0142927294223259,70.65826120563489,NVIDIA GeForce RTX 3060 Ti,6737.0,8192,93.0
128,moderate,short,49146.0,772.0699418703332,0.014865579337664,71.3244539502306,NVIDIA GeForce RTX 3060 Ti,6737.0,8192,93.0
128,moderate,short,50612.0,719.9394131177063,0.0143703876480458,70.59612084146389,NVIDIA GeForce RTX 3060 Ti,6737.0,8192,93.0
128,moderate,short,52079.0,694.3359375412938,0.0123170169361607,71.52009778272692,NVIDIA GeForce RTX 3060 Ti,6737.0,8192,93.0
128,moderate,short,53546.0,628.2243796483974,0.012504620001069,72.80395680251378,NVIDIA GeForce RTX 3060 Ti,6737.0,8192,93.0
128,moderate,short,55013.0,696.5154721257991,0.0130463805020182,73.3014967151111,NVIDIA GeForce RTX 3060 Ti,6737.0,8192,93.0
128,moderate,short,56480.0,695.8384709617867,0.0140968327546341,71.95893027653595,NVIDIA GeForce RTX 3060 Ti,6737.0,8192,93.0
128,moderate,short,57946.0,853.5533916931892,0.0136855651717479,73.39953216151258,NVIDIA GeForce RTX 3060 Ti,6737.0,8192,93.0
128,moderate,short,59413.0,762.8968408160335,0.0131400784096359,72.91379982744917,NVIDIA GeForce RTX 3060 Ti,6737.0,8192,93.0
128,moderate,short,60880.0,760.3952273012496,0.0134667176664927,74.57888800368458,NVIDIA GeForce RTX 3060 Ti,6737.0,8192,93.0
128,moderate,short,62347.0,842.5551548938121,0.014515245861157,78.36473504578964,NVIDIA GeForce RTX 3060 Ti,6737.0,8192,93.0
128,moderate,short,63814.0,901.3254483579572,0.0135765999123965,70.54382956179347,NVIDIA GeForce RTX 3060 Ti,6737.0,8192,93.0
128,moderate,short,65280.0,1012.1767164248438,0.0151095659826646,80.02497932441054,NVIDIA GeForce RTX 3060 Ti,6737.0,8192,93.0
128,moderate,short,66747.0,985.491221670271,0.0147092667000123,74.26221166827713,NVIDIA GeForce RTX 3060 Ti,6737.0,8192,93.0
128,moderate,short,68214.0,1038.8911211537595,0.0143116245672762,69.57523393964905,NVIDIA GeForce RTX 3060 Ti,6737.0,8192,93.0
