timestamp,prompt_type,prompt_length,input_tokens,output_tokens,prompt_eval_time,output_eval_time,total_time,avg_token_latency,throughput,model_name,gpu_name,gpu_mem_used_MB,gpu_mem_total_MB,gpu_util_percent,batch_size
2025-11-03T20:40:26.721852,simple,short,7,11,0.13950181007385254,0.1685011386871338,0.30800294876098633,0.015318285335193981,65.28145795159499,llama3,NVIDIA GeForce RTX 3060 Ti,6416,8192,93,1
2025-11-03T20:40:27.719866,simple,short,7,43,0.2200019359588623,0.6995053291320801,0.9195072650909424,0.016267565793769305,61.47201201934056,llama3,NVIDIA GeForce RTX 3060 Ti,6416,8192,91,8
2025-11-03T20:40:27.998870,simple,short,5,16,0.9475092887878418,0.24950027465820312,1.197009563446045,0.015593767166137695,64.12818591850775,llama3,NVIDIA GeForce RTX 3060 Ti,6416,8192,91,8
2025-11-03T20:40:28.292872,simple,short,5,16,1.2455086708068848,0.24750137329101562,1.4930100440979004,0.015468835830688477,64.64610594781215,llama3,NVIDIA GeForce RTX 3060 Ti,6416,8192,91,8
2025-11-03T20:40:30.030388,simple,short,7,103,1.521510362625122,1.710017442703247,3.231527805328369,0.01660211109420628,60.2333037241857,llama3,NVIDIA GeForce RTX 3060 Ti,6416,8192,91,8
2025-11-03T20:40:30.262391,simple,short,5,13,3.2585270404815674,0.20450305938720703,3.4630300998687744,0.015731004568246696,63.568731142480075,llama3,NVIDIA GeForce RTX 3060 Ti,6416,8192,91,8
2025-11-03T20:40:30.694895,simple,short,6,25,3.4880266189575195,0.40450572967529297,3.8925323486328125,0.01618022918701172,61.80382171611793,llama3,NVIDIA GeForce RTX 3060 Ti,6416,8192,91,8
2025-11-03T20:40:30.872894,simple,short,5,10,3.918531894683838,0.1510026454925537,4.069534540176392,0.01510026454925537,66.22400533037762,llama3,NVIDIA GeForce RTX 3060 Ti,6416,8192,91,8
2025-11-03T20:40:31.070897,simple,short,7,11,4.099031686782837,0.17050433158874512,4.269536018371582,0.015500393780795011,64.51449002792432,llama3,NVIDIA GeForce RTX 3060 Ti,6416,8192,91,8
2025-11-03T20:40:32.352406,simple,short,7,43,0.5775039196014404,0.6430068016052246,1.220510721206665,0.014953646548958711,66.87332061286646,llama3,NVIDIA GeForce RTX 3060 Ti,6427,8192,94,32
2025-11-03T20:40:34.465921,simple,short,7,125,1.2455110549926758,2.0860142707824707,3.3315253257751465,0.016688114166259767,59.92288823274066,llama3,NVIDIA GeForce RTX 3060 Ti,6427,8192,94,32
2025-11-03T20:40:35.182928,simple,short,6,37,3.3525261878967285,0.6900062561035156,4.042532444000244,0.01864881773252745,53.6227022185857,llama3,NVIDIA GeForce RTX 3060 Ti,6427,8192,94,32
2025-11-03T20:40:35.369929,simple,short,8,10,4.068533658981323,0.15800166130065918,4.226535320281982,0.015800166130065917,63.29047376895068,llama3,NVIDIA GeForce RTX 3060 Ti,6427,8192,94,32
2025-11-03T20:40:35.549431,simple,short,8,10,4.260034561157227,0.15250253677368164,4.412537097930908,0.015250253677368163,65.5726797177171,llama3,NVIDIA GeForce RTX 3060 Ti,6427,8192,94,32
2025-11-03T20:40:39.343462,simple,short,6,212,4.45153546333313,3.7470319271087646,8.198567390441895,0.017674678901456436,56.578114124472016,llama3,NVIDIA GeForce RTX 3060 Ti,6427,8192,94,32
2025-11-03T20:40:39.989968,simple,short,7,36,8.232568502426147,0.6180040836334229,8.85057258605957,0.01716678010092841,58.25204226539362,llama3,NVIDIA GeForce RTX 3060 Ti,6427,8192,94,32
2025-11-03T20:40:40.451970,simple,short,6,25,8.868571996688843,0.4340038299560547,9.302575826644897,0.017360153198242186,57.60317830036521,llama3,NVIDIA GeForce RTX 3060 Ti,6427,8192,94,32
2025-11-03T20:40:40.956475,simple,short,6,27,9.348074674606323,0.4745047092437744,9.822579383850098,0.017574248490510164,56.90143738094891,llama3,NVIDIA GeForce RTX 3060 Ti,6427,8192,94,32
2025-11-03T20:40:43.561496,simple,short,7,144,9.840579986572266,2.5770208835601807,12.417600870132446,0.01789597835805681,55.878476157733935,llama3,NVIDIA GeForce RTX 3060 Ti,6427,8192,94,32
2025-11-03T20:40:44.137000,simple,short,4,32,12.450099468231201,0.54500412940979,12.995103597640991,0.01703137904405594,58.71515145152068,llama3,NVIDIA GeForce RTX 3060 Ti,6427,8192,94,32
2025-11-03T20:40:44.331502,simple,short,7,11,13.013106346130371,0.16750097274780273,13.180607318878174,0.015227361158891157,65.67126040851186,llama3,NVIDIA GeForce RTX 3060 Ti,6427,8192,94,32
2025-11-03T20:40:44.543006,simple,short,7,12,13.230811595916748,0.18400168418884277,13.41481328010559,0.015333473682403564,65.21679436197051,llama3,NVIDIA GeForce RTX 3060 Ti,6427,8192,94,32
2025-11-03T20:40:44.795006,simple,short,7,14,13.43510913848877,0.2245023250579834,13.659611463546753,0.01603588036128453,62.36015594218967,llama3,NVIDIA GeForce RTX 3060 Ti,6427,8192,94,32
2025-11-03T20:40:46.085017,simple,short,5,70,13.697109937667847,1.2590117454528809,14.956121683120728,0.017985882077898297,55.59916359225085,llama3,NVIDIA GeForce RTX 3060 Ti,6427,8192,94,32
2025-11-03T20:40:46.530019,simple,short,6,24,14.982121467590332,0.41700243949890137,15.399123907089233,0.017375101645787556,57.55362013910528,llama3,NVIDIA GeForce RTX 3060 Ti,6427,8192,94,32
2025-11-03T20:40:46.816522,simple,short,6,16,15.427126169204712,0.2565004825592041,15.683626651763916,0.016031280159950256,62.37805028810019,llama3,NVIDIA GeForce RTX 3060 Ti,6427,8192,94,32
2025-11-03T20:40:47.024023,simple,short,5,10,15.696630001068115,0.17899799346923828,15.875627994537354,0.017899799346923827,55.86654803322447,llama3,NVIDIA GeForce RTX 3060 Ti,6427,8192,94,32
2025-11-03T20:40:49.101042,simple,short,8,122,15.925628423690796,2.045018434524536,17.970646858215332,0.016762446184627345,59.657163935720135,llama3,NVIDIA GeForce RTX 3060 Ti,6427,8192,94,32
2025-11-03T20:40:49.327543,simple,short,5,13,17.99264693260193,0.1985020637512207,18.19114899635315,0.01526938951932467,65.49050299191187,llama3,NVIDIA GeForce RTX 3060 Ti,6427,8192,94,32
2025-11-03T20:40:53.268074,simple,short,6,231,18.22464656829834,3.913532257080078,22.138178825378418,0.01694169808259774,59.02596039219853,llama3,NVIDIA GeForce RTX 3060 Ti,6427,8192,94,32
2025-11-03T20:40:58.804621,simple,short,6,320,22.18968176841736,5.488044261932373,27.67772603034973,0.017150138318538666,58.308567629395554,llama3,NVIDIA GeForce RTX 3060 Ti,6427,8192,94,32
2025-11-03T20:40:58.998621,simple,short,5,11,27.679224491119385,0.16700220108032227,27.846226692199707,0.015182018280029297,65.86739533276798,llama3,NVIDIA GeForce RTX 3060 Ti,6427,8192,94,32
2025-11-03T20:41:03.970660,simple,short,5,290,27.88822889328003,4.944535732269287,32.832764625549316,0.01705012321472168,58.65060254441825,llama3,NVIDIA GeForce RTX 3060 Ti,6427,8192,94,32
2025-11-03T20:41:04.196663,simple,short,5,13,32.85726618766785,0.198500394821167,33.055766582489014,0.015269261140089769,65.49105361584778,llama3,NVIDIA GeForce RTX 3060 Ti,6427,8192,94,32
2025-11-03T20:41:04.341667,simple,short,4,8,33.07626962661743,0.11750340461730957,33.19377303123474,0.014687925577163696,68.08313364242308,llama3,NVIDIA GeForce RTX 3060 Ti,6427,8192,94,32
2025-11-03T20:41:04.754667,simple,short,8,23,33.26176905632019,0.36550235748291016,33.6272714138031,0.01589140684708305,62.927090698930485,llama3,NVIDIA GeForce RTX 3060 Ti,6427,8192,94,32
2025-11-03T20:41:04.966169,simple,short,7,12,33.650771141052246,0.18400239944458008,33.834773540496826,0.01533353328704834,65.21654085067676,llama3,NVIDIA GeForce RTX 3060 Ti,6427,8192,94,32
2025-11-03T20:41:05.175170,simple,short,7,12,33.84777283668518,0.18100190162658691,34.02877473831177,0.015083491802215576,66.29764600350116,llama3,NVIDIA GeForce RTX 3060 Ti,6427,8192,94,32
2025-11-03T20:41:05.369672,simple,short,5,11,34.05227470397949,0.16700196266174316,34.219276666641235,0.015181996605613014,65.8674893676557,llama3,NVIDIA GeForce RTX 3060 Ti,6427,8192,94,32
2025-11-03T20:41:07.686191,simple,short,6,137,34.25777554512024,2.2895190715789795,36.54729461669922,0.016711818040722477,59.83789421134509,llama3,NVIDIA GeForce RTX 3060 Ti,6427,8192,94,32
2025-11-03T20:41:07.912696,simple,short,5,13,36.56729483604431,0.19950556755065918,36.76680040359497,0.015346582119281475,65.16108878364506,llama3,NVIDIA GeForce RTX 3060 Ti,6427,8192,94,32
2025-11-03T20:41:12.159215,simple,short,6,186,0.9935052394866943,3.201014757156372,4.194519996643066,0.017209756758905227,58.10657373077326,llama3,NVIDIA GeForce RTX 3060 Ti,6420,8192,92,128
2025-11-03T20:41:12.338218,simple,short,4,10,4.197509288787842,0.15400195121765137,4.351511240005493,0.015400195121765136,64.9342422023405,llama3,NVIDIA GeForce RTX 3060 Ti,6420,8192,92,128
2025-11-03T20:41:12.568221,simple,short,3,13,4.392524003982544,0.20400500297546387,4.596529006958008,0.015692692536574144,63.72392740566043,llama3,NVIDIA GeForce RTX 3060 Ti,6420,8192,92,128
2025-11-03T20:41:13.102723,simple,short,6,31,4.587526321411133,0.5080037117004395,5.095530033111572,0.01638721650646579,61.023176181594785,llama3,NVIDIA GeForce RTX 3060 Ti,6420,8192,92,128
2025-11-03T20:41:13.525227,simple,short,6,24,5.148530721664429,0.38750362396240234,5.536034345626831,0.016145984331766765,61.934904645765606,llama3,NVIDIA GeForce RTX 3060 Ti,6420,8192,92,128
2025-11-03T20:41:13.753230,simple,short,5,13,5.586030721664429,0.20200395584106445,5.788034677505493,0.015538765833928036,64.35517535225065,llama3,NVIDIA GeForce RTX 3060 Ti,6420,8192,92,128
2025-11-03T20:41:14.184232,simple,short,6,25,5.808038711547852,0.4049999713897705,6.213038682937622,0.01619999885559082,61.72839942237944,llama3,NVIDIA GeForce RTX 3060 Ti,6420,8192,92,128
2025-11-03T20:41:14.482236,simple,short,8,17,6.24103856086731,0.27300405502319336,6.514042615890503,0.016059062060187843,62.27013733754155,llama3,NVIDIA GeForce RTX 3060 Ti,6420,8192,92,128
2025-11-03T20:41:17.390258,simple,short,8,172,6.50130033493042,2.8835232257843018,9.384823560714722,0.01676466991735059,59.649250771412454,llama3,NVIDIA GeForce RTX 3060 Ti,6420,8192,92,128
2025-11-03T20:41:21.497794,simple,short,4,241,9.430423736572266,4.082034587860107,13.512458324432373,0.016937902854191316,59.039186173661875,llama3,NVIDIA GeForce RTX 3060 Ti,6420,8192,92,128
2025-11-03T20:41:21.740293,simple,short,6,14,13.524097204208374,0.21750116348266602,13.74159836769104,0.015535797391619002,64.36747176810272,llama3,NVIDIA GeForce RTX 3060 Ti,6420,8192,92,128
2025-11-03T20:41:24.625317,simple,short,4,170,13.801601886749268,2.8570220470428467,16.658623933792114,0.01680601204142851,59.502515976717106,llama3,NVIDIA GeForce RTX 3060 Ti,6420,8192,92,128
2025-11-03T20:41:24.937820,simple,short,6,17,16.65162420272827,0.2850027084350586,16.93662691116333,0.01676486520206227,59.648555950034634,llama3,NVIDIA GeForce RTX 3060 Ti,6420,8192,92,128
2025-11-03T20:41:28.663850,simple,short,5,218,16.989121675491333,3.7000319957733154,20.68915367126465,0.01697262383382255,58.91840942160217,llama3,NVIDIA GeForce RTX 3060 Ti,6420,8192,92,128
2025-11-03T20:41:32.362879,simple,short,6,217,20.727654695510864,3.6725292205810547,24.40018391609192,0.016924097790696105,59.08734470618236,llama3,NVIDIA GeForce RTX 3060 Ti,6420,8192,92,128
2025-11-03T20:41:32.507882,simple,short,4,8,24.37318515777588,0.1190032958984375,24.492188453674316,0.014875411987304688,67.22502884985255,llama3,NVIDIA GeForce RTX 3060 Ti,6420,8192,92,128
2025-11-03T20:41:32.737883,simple,short,5,13,24.53668975830078,0.20400071144104004,24.74069046974182,0.015692362418541543,63.725267957005336,llama3,NVIDIA GeForce RTX 3060 Ti,6420,8192,92,128
2025-11-03T20:41:32.981913,simple,short,7,14,24.795191049575806,0.2175290584564209,25.012720108032227,0.01553778988974435,64.35921756543031,llama3,NVIDIA GeForce RTX 3060 Ti,6420,8192,92,128
2025-11-03T20:41:37.301420,simple,short,5,253,25.02869176864624,4.293534755706787,29.322226524353027,0.016970493105560425,58.92580691555436,llama3,NVIDIA GeForce RTX 3060 Ti,6420,8192,92,128
2025-11-03T20:41:37.495921,simple,short,6,11,29.335225820541382,0.16800212860107422,29.503227949142456,0.015272920781915838,65.47536088736,llama3,NVIDIA GeForce RTX 3060 Ti,6420,8192,92,128
2025-11-03T20:41:37.727425,simple,short,7,13,29.536092519760132,0.20500469207763672,29.74109721183777,0.015769591698279746,63.413182733772786,llama3,NVIDIA GeForce RTX 3060 Ti,6420,8192,92,128
2025-11-03T20:41:37.922924,simple,short,7,11,29.734230279922485,0.1685009002685547,29.90273118019104,0.015318263660777699,65.28155032090828,llama3,NVIDIA GeForce RTX 3060 Ti,6420,8192,92,128
2025-11-03T20:41:41.172452,simple,short,6,191,29.9722318649292,3.2230260372161865,33.195257902145386,0.016874481870241813,59.26107881057386,llama3,NVIDIA GeForce RTX 3060 Ti,6420,8192,92,128
2025-11-03T20:41:41.349454,simple,short,5,10,33.225258350372314,0.15050196647644043,33.375760316848755,0.015050196647644043,66.44431454366013,llama3,NVIDIA GeForce RTX 3060 Ti,6420,8192,92,128
2025-11-03T20:41:42.012958,simple,short,7,39,33.39575958251953,0.6355056762695312,34.03126525878906,0.01629501734024439,61.36845264535337,llama3,NVIDIA GeForce RTX 3060 Ti,6420,8192,92,128
2025-11-03T20:41:42.442961,simple,short,6,25,34.025763273239136,0.4035048484802246,34.42926812171936,0.016140193939208985,61.95712416879478,llama3,NVIDIA GeForce RTX 3060 Ti,6420,8192,92,128
2025-11-03T20:41:42.847464,simple,short,6,22,34.49076819419861,0.3535006046295166,34.844268798828125,0.016068209301341663,62.234688461302405,llama3,NVIDIA GeForce RTX 3060 Ti,6420,8192,92,128
2025-11-03T20:41:43.360971,simple,short,4,30,34.898770570755005,0.4860060214996338,35.38477659225464,0.01620020071665446,61.72763026151643,llama3,NVIDIA GeForce RTX 3060 Ti,6420,8192,92,128
2025-11-03T20:41:44.090474,simple,short,7,43,35.40077328681946,0.7020058631896973,36.102779150009155,0.01632571774859761,61.253049660612966,llama3,NVIDIA GeForce RTX 3060 Ti,6420,8192,92,128
2025-11-03T20:41:44.235477,simple,short,4,8,36.15177869796753,0.11800289154052734,36.26978158950806,0.014750361442565918,67.79494888269285,llama3,NVIDIA GeForce RTX 3060 Ti,6420,8192,92,128
2025-11-03T20:41:49.206017,simple,short,7,288,36.293781042099,4.942041397094727,41.235822439193726,0.017159865962134466,58.27551346884838,llama3,NVIDIA GeForce RTX 3060 Ti,6420,8192,92,128
2025-11-03T20:41:49.418517,simple,short,8,12,41.25582242012024,0.18500089645385742,41.4408233165741,0.015416741371154785,64.86455055093757,llama3,NVIDIA GeForce RTX 3060 Ti,6420,8192,92,128
2025-11-03T20:41:50.062524,simple,short,5,38,41.48182487487793,0.6170053482055664,42.098830223083496,0.016236982847514906,61.58779678412061,llama3,NVIDIA GeForce RTX 3060 Ti,6420,8192,92,128
2025-11-03T20:41:51.044530,simple,short,5,58,42.081830978393555,0.9540061950683594,43.035837173461914,0.0164483826735924,60.79625090468517,llama3,NVIDIA GeForce RTX 3060 Ti,6420,8192,92,128
2025-11-03T20:41:51.272532,simple,short,5,13,43.10433840751648,0.20100069046020508,43.305339097976685,0.015461591573861929,64.67639474389662,llama3,NVIDIA GeForce RTX 3060 Ti,6420,8192,92,128
2025-11-03T20:41:52.168541,simple,short,5,53,43.27784061431885,0.8685076236724854,44.14634823799133,0.016386936295707272,61.02421965611476,llama3,NVIDIA GeForce RTX 3060 Ti,6420,8192,92,128
2025-11-03T20:41:53.203548,simple,short,7,61,44.18383979797363,1.007507562637329,45.19134736061096,0.016516517420284083,60.5454512324669,llama3,NVIDIA GeForce RTX 3060 Ti,6420,8192,92,128
2025-11-03T20:41:53.384049,simple,short,4,10,45.20835280418396,0.15200161933898926,45.36035442352295,0.015200161933898925,65.7887728004944,llama3,NVIDIA GeForce RTX 3060 Ti,6420,8192,92,128
2025-11-03T20:41:54.299056,simple,short,7,54,45.401355266571045,0.8880054950714111,46.289360761642456,0.016444546205026132,60.81043450711694,llama3,NVIDIA GeForce RTX 3060 Ti,6420,8192,92,128
2025-11-03T20:41:55.397067,simple,short,4,65,46.34786367416382,1.0705103874206543,47.41837406158447,0.016469390575702375,60.71870087745204,llama3,NVIDIA GeForce RTX 3060 Ti,6420,8192,92,128
2025-11-03T20:41:57.991563,simple,short,6,153,47.38237166404724,2.5669968128204346,49.949368476867676,0.01677775694653879,59.602723009186136,llama3,NVIDIA GeForce RTX 3060 Ti,6420,8192,92,128
2025-11-03T20:41:58.168564,simple,short,8,10,50.03486919403076,0.14950180053710938,50.18437099456787,0.014950180053710937,66.888826516292,llama3,NVIDIA GeForce RTX 3060 Ti,6420,8192,92,128
2025-11-03T20:42:00.363081,simple,short,5,130,50.17887210845947,2.167515277862549,52.34638738632202,0.016673194445096528,59.97650919821744,llama3,NVIDIA GeForce RTX 3060 Ti,6420,8192,92,128
2025-11-03T20:42:00.508584,simple,short,5,8,52.41538882255554,0.11800003051757812,52.53338885307312,0.014750003814697266,67.7965926356965,llama3,NVIDIA GeForce RTX 3060 Ti,6420,8192,92,128
2025-11-03T20:42:04.790119,simple,short,7,250,52.537869691848755,4.2545342445373535,56.79240393638611,0.017018136978149415,58.760838585560734,llama3,NVIDIA GeForce RTX 3060 Ti,6420,8192,92,128
2025-11-03T20:42:05.017122,simple,short,5,13,56.84842538833618,0.20000338554382324,57.048428773880005,0.015384875811063327,64.99889971688273,llama3,NVIDIA GeForce RTX 3060 Ti,6420,8192,92,128
2025-11-03T20:42:05.246620,simple,short,5,13,57.071927309036255,0.20150065422058105,57.273427963256836,0.015500050324660081,64.5159195650502,llama3,NVIDIA GeForce RTX 3060 Ti,6420,8192,92,128
2025-11-03T20:42:05.475124,simple,short,5,13,57.309427976608276,0.20150208473205566,57.51093006134033,0.015500160364004282,64.51546155111275,llama3,NVIDIA GeForce RTX 3060 Ti,6420,8192,92,128
2025-11-03T20:42:05.603125,simple,short,4,7,57.46884870529175,0.10100078582763672,57.569849491119385,0.01442868368966239,69.30639145665536,llama3,NVIDIA GeForce RTX 3060 Ti,6420,8192,92,128
2025-11-03T20:42:05.882630,simple,short,8,16,57.60393142700195,0.25150585174560547,57.85543727874756,0.015719115734100342,63.6168100620727,llama3,NVIDIA GeForce RTX 3060 Ti,6420,8192,92,128
2025-11-03T20:42:06.028128,simple,short,6,8,57.94393730163574,0.1179964542388916,58.061933755874634,0.01474955677986145,67.79864743904484,llama3,NVIDIA GeForce RTX 3060 Ti,6420,8192,92,128
2025-11-03T20:42:09.346656,simple,short,6,195,58.07593250274658,3.290529489517212,61.366461992263794,0.01687451020265237,59.260979310843524,llama3,NVIDIA GeForce RTX 3060 Ti,6420,8192,92,128
2025-11-03T20:42:09.624657,simple,short,5,16,61.401461601257324,0.2505033016204834,61.65196490287781,0.015656456351280212,63.871413656017445,llama3,NVIDIA GeForce RTX 3060 Ti,6420,8192,92,128
2025-11-03T20:42:10.237163,simple,short,7,36,61.668964862823486,0.585005521774292,62.25397038459778,0.01625015338261922,61.537880686687934,llama3,NVIDIA GeForce RTX 3060 Ti,6420,8192,92,128
2025-11-03T20:42:10.466664,simple,short,5,13,62.22396755218506,0.20200324058532715,62.425970792770386,0.015538710814255934,64.35540322190394,llama3,NVIDIA GeForce RTX 3060 Ti,6420,8192,92,128
2025-11-03T20:42:11.921675,simple,short,5,86,62.45696997642517,1.4270117282867432,63.883981704711914,0.016593159631241198,60.265797607179294,llama3,NVIDIA GeForce RTX 3060 Ti,6420,8192,92,128
2025-11-03T20:42:13.206186,simple,short,8,76,63.93248009681702,1.2560105323791504,65.18849062919617,0.016526454373409872,60.509046732307155,llama3,NVIDIA GeForce RTX 3060 Ti,6420,8192,92,128
2025-11-03T20:42:13.384690,simple,short,5,10,65.19349193572998,0.1515040397644043,65.34499597549438,0.01515040397644043,66.00484063362572,llama3,NVIDIA GeForce RTX 3060 Ti,6420,8192,92,128
2025-11-03T20:42:13.547188,simple,short,5,9,65.37369751930237,0.13450098037719727,65.50819849967957,0.01494455337524414,66.91401040171021,llama3,NVIDIA GeForce RTX 3060 Ti,6420,8192,92,128
2025-11-03T20:42:14.900701,simple,short,7,80,65.54799556732178,1.3245124816894531,66.87250804901123,0.016556406021118165,60.39958181289295,llama3,NVIDIA GeForce RTX 3060 Ti,6420,8192,92,128
2025-11-03T20:42:15.649707,simple,short,8,44,66.90200662612915,0.7215080261230469,67.6235146522522,0.0163979096846147,60.98338259163895,llama3,NVIDIA GeForce RTX 3060 Ti,6420,8192,92,128
2025-11-03T20:42:15.861707,simple,short,4,12,67.6410117149353,0.18500113487243652,67.82601284980774,0.01541676123936971,64.86446695732076,llama3,NVIDIA GeForce RTX 3060 Ti,6420,8192,92,128
2025-11-03T20:42:16.090209,simple,short,5,13,67.88451504707336,0.20150089263916016,68.08601593971252,0.015500068664550781,64.51584322894234,llama3,NVIDIA GeForce RTX 3060 Ti,6420,8192,92,128
2025-11-03T20:42:16.317711,simple,short,4,13,68.08801555633545,0.2005021572113037,68.28851771354675,0.015423242862407979,64.8372076431061,llama3,NVIDIA GeForce RTX 3060 Ti,6420,8192,92,128
2025-11-03T20:42:16.477712,simple,short,5,9,68.2965190410614,0.13299822807312012,68.42951726913452,0.014777580897013346,67.67007448439054,llama3,NVIDIA GeForce RTX 3060 Ti,6420,8192,92,128
2025-11-03T20:42:16.656714,simple,short,5,10,68.4730224609375,0.15149903297424316,68.62452149391174,0.015149903297424317,66.00702198343492,llama3,NVIDIA GeForce RTX 3060 Ti,6420,8192,92,128
2025-11-03T20:42:17.354222,simple,short,4,41,68.70352149009705,0.6700067520141602,69.3735282421112,0.016341628097906347,61.19341316598178,llama3,NVIDIA GeForce RTX 3060 Ti,6420,8192,92,128
2025-11-03T20:42:19.621240,simple,short,6,133,69.38552737236023,2.23952054977417,71.6250479221344,0.01683850037424188,59.38771136233223,llama3,NVIDIA GeForce RTX 3060 Ti,6420,8192,92,128
2025-11-03T20:42:19.900741,simple,short,7,16,71.59954190254211,0.25150084495544434,71.85104274749756,0.01571880280971527,63.61807652310093,llama3,NVIDIA GeForce RTX 3060 Ti,6420,8192,92,128
2025-11-03T20:42:20.126241,simple,short,5,13,71.84804701805115,0.19800066947937012,72.04604768753052,0.015230820729182316,65.6563436587495,llama3,NVIDIA GeForce RTX 3060 Ti,6420,8192,92,128
2025-11-03T20:42:20.276243,simple,short,7,8,72.0980498790741,0.11849856376647949,72.21654844284058,0.014812320470809937,67.51136676867483,llama3,NVIDIA GeForce RTX 3060 Ti,6420,8192,92,128
2025-11-03T20:42:22.684262,simple,short,5,141,72.20904994010925,2.3810184001922607,74.59006834030151,0.01688665532051249,59.21835798858784,llama3,NVIDIA GeForce RTX 3060 Ti,6420,8192,92,128
2025-11-03T20:42:24.557777,simple,short,7,110,74.65606880187988,1.8465144634246826,76.50258326530457,0.01678649512204257,59.57169693433424,llama3,NVIDIA GeForce RTX 3060 Ti,6420,8192,92,128
2025-11-03T20:42:24.736781,simple,short,5,10,76.50308203697205,0.15150189399719238,76.65458393096924,0.015150189399719238,66.00577548017532,llama3,NVIDIA GeForce RTX 3060 Ti,6420,8192,92,128
2025-11-03T20:42:28.190808,simple,short,5,203,76.68579196929932,3.427027463912964,80.11281943321228,0.016881908689226423,59.23500822144435,llama3,NVIDIA GeForce RTX 3060 Ti,6420,8192,92,128
2025-11-03T20:42:28.336309,simple,short,6,8,80.13111352920532,0.11700224876403809,80.24811577796936,0.01462528109550476,68.37475419924482,llama3,NVIDIA GeForce RTX 3060 Ti,6420,8192,92,128
2025-11-03T20:42:29.982821,simple,short,7,97,80.3306143283844,1.618013620376587,81.94862794876099,0.016680552787387493,59.95005158079176,llama3,NVIDIA GeForce RTX 3060 Ti,6420,8192,92,128
2025-11-03T20:42:33.720352,simple,short,4,219,81.92462754249573,3.7095301151275635,85.63415765762329,0.016938493676381568,59.037126860599436,llama3,NVIDIA GeForce RTX 3060 Ti,6420,8192,92,128
2025-11-03T20:42:33.881855,simple,short,5,9,85.66415596008301,0.1340031623840332,85.79815912246704,0.014889240264892578,67.1625940752602,llama3,NVIDIA GeForce RTX 3060 Ti,6420,8192,92,128
2025-11-03T20:42:34.076854,simple,short,8,11,85.83442234992981,0.1680011749267578,86.00242352485657,0.01527283408425071,65.47573256434418,llama3,NVIDIA GeForce RTX 3060 Ti,6420,8192,92,128
2025-11-03T20:42:38.497391,simple,short,5,258,86.07516145706177,4.392536401748657,90.46769785881042,0.01702533489049867,58.7359958809427,llama3,NVIDIA GeForce RTX 3060 Ti,6420,8192,92,128
2025-11-03T20:42:38.705895,simple,short,5,12,90.45519924163818,0.18100261688232422,90.63620185852051,0.015083551406860352,66.29738401960009,llama3,NVIDIA GeForce RTX 3060 Ti,6420,8192,92,128
2025-11-03T20:42:40.096403,simple,short,6,82,90.6767749786377,1.3630115985870361,92.03978657722473,0.016622092665695563,60.16089671210808,llama3,NVIDIA GeForce RTX 3060 Ti,6420,8192,92,128
2025-11-03T20:42:43.321930,simple,short,6,190,92.05071067810059,3.206026077270508,95.2567367553711,0.016873821459318462,59.263398182262755,llama3,NVIDIA GeForce RTX 3060 Ti,6420,8192,92,128
2025-11-03T20:42:43.516431,simple,short,5,11,95.29623627662659,0.16650152206420898,95.4627377986908,0.015136502005837181,66.06546212687475,llama3,NVIDIA GeForce RTX 3060 Ti,6420,8192,92,128
2025-11-03T20:42:44.817942,simple,short,5,77,95.46057295799255,1.2740099430084229,96.73458290100098,0.016545583675434062,60.43908873911428,llama3,NVIDIA GeForce RTX 3060 Ti,6420,8192,92,128
2025-11-03T20:42:45.029444,simple,short,7,12,96.77724719047546,0.1835024356842041,96.96074962615967,0.015291869640350342,65.39422735865604,llama3,NVIDIA GeForce RTX 3060 Ti,6420,8192,92,128
2025-11-03T20:42:45.258945,simple,short,5,13,96.98575091362,0.20149827003479004,97.18724918365479,0.01549986692575308,64.51668293606423,llama3,NVIDIA GeForce RTX 3060 Ti,6420,8192,92,128
2025-11-03T20:42:45.441449,simple,short,8,10,97.21175146102905,0.15100455284118652,97.36275601387024,0.015100455284118653,66.22316885052552,llama3,NVIDIA GeForce RTX 3060 Ti,6420,8192,92,128
2025-11-03T20:42:45.622452,simple,short,7,10,97.41325330734253,0.1515045166015625,97.56475782394409,0.01515045166015625,66.00463289354417,llama3,NVIDIA GeForce RTX 3060 Ti,6420,8192,92,128
2025-11-03T20:42:45.847953,simple,short,5,13,97.58675837516785,0.19750142097473145,97.78425979614258,0.015192416998056265,65.82231123118468,llama3,NVIDIA GeForce RTX 3060 Ti,6420,8192,92,128
2025-11-03T20:42:46.024955,simple,short,5,10,97.7792558670044,0.1495044231414795,97.92876029014587,0.014950442314147949,66.88765315349077,llama3,NVIDIA GeForce RTX 3060 Ti,6420,8192,92,128
2025-11-03T20:42:46.839458,simple,short,6,48,97.96425700187683,0.786505937576294,98.75076293945312,0.01638554036617279,61.029418478285585,llama3,NVIDIA GeForce RTX 3060 Ti,6420,8192,92,128
2025-11-03T20:42:47.136462,simple,short,6,17,98.79126453399658,0.2700037956237793,99.06126832962036,0.01588257621316349,62.96207785051895,llama3,NVIDIA GeForce RTX 3060 Ti,6420,8192,92,128
2025-11-03T20:42:47.347962,simple,short,7,12,99.07926559448242,0.18400192260742188,99.26326751708984,0.01533349355061849,65.21670985798694,llama3,NVIDIA GeForce RTX 3060 Ti,6420,8192,92,128
2025-11-03T20:42:50.678992,simple,short,5,196,99.30226635932922,3.303530216217041,102.60579657554626,0.01685474600110735,59.33046988274402,llama3,NVIDIA GeForce RTX 3060 Ti,6420,8192,92,128
2025-11-03T20:42:50.891491,simple,short,6,12,102.61379480361938,0.18500113487243652,102.79879593849182,0.01541676123936971,64.86446695732076,llama3,NVIDIA GeForce RTX 3060 Ti,6420,8192,92,128
2025-11-03T20:42:51.103492,simple,short,6,12,102.82379674911499,0.18450069427490234,103.00829744338989,0.015375057856241861,65.04040565896321,llama3,NVIDIA GeForce RTX 3060 Ti,6420,8192,92,128
2025-11-03T20:42:53.138010,simple,short,5,120,103.04179978370667,2.0070154666900635,105.04881525039673,0.01672512888908386,59.7902716703534,llama3,NVIDIA GeForce RTX 3060 Ti,6420,8192,92,128
2025-11-03T20:42:53.349512,simple,short,7,12,105.07531690597534,0.1835007667541504,105.25881767272949,0.015291730562845865,65.39482211579688,llama3,NVIDIA GeForce RTX 3060 Ti,6420,8192,92,128
2025-11-03T20:42:55.791531,simple,short,6,144,105.27874803543091,2.4140210151672363,107.69276905059814,0.01676403482755025,59.65151052756022,llama3,NVIDIA GeForce RTX 3060 Ti,6420,8192,92,128
2025-11-03T20:42:55.970531,simple,short,7,10,107.71933913230896,0.15099835395812988,107.87033748626709,0.015099835395812989,66.22588748730921,llama3,NVIDIA GeForce RTX 3060 Ti,6420,8192,92,128
2025-11-03T20:42:56.198534,simple,short,7,13,107.89733648300171,0.20000267028808594,108.0973391532898,0.015384820791391226,64.99913216795888,llama3,NVIDIA GeForce RTX 3060 Ti,6420,8192,92,128
2025-11-03T20:42:56.428036,simple,short,5,13,108.12433981895447,0.20150256156921387,108.32584238052368,0.015500197043785682,64.51530888124539,llama3,NVIDIA GeForce RTX 3060 Ti,6420,8192,92,128
2025-11-03T20:42:56.621536,simple,short,5,11,108.35034489631653,0.16649818420410156,108.51684308052063,0.015136198564009233,66.06678656936982,llama3,NVIDIA GeForce RTX 3060 Ti,6420,8192,92,128
2025-11-03T20:42:56.834042,simple,short,7,12,108.54372453689575,0.18450307846069336,108.72822761535645,0.015375256538391113,65.03956519379425,llama3,NVIDIA GeForce RTX 3060 Ti,6420,8192,92,128
2025-11-03T20:42:57.011540,simple,short,7,10,108.75420689582825,0.15050029754638672,108.90470719337463,0.015050029754638672,66.44505135890401,llama3,NVIDIA GeForce RTX 3060 Ti,6420,8192,92,128
2025-11-03T20:42:58.405552,simple,short,7,82,108.92984557151794,1.366008996963501,110.29585456848145,0.01665864630443294,60.0288872051924,llama3,NVIDIA GeForce RTX 3060 Ti,6420,8192,92,128
2025-11-03T20:42:58.927056,simple,short,7,30,110.3213574886322,0.49350476264953613,110.81486225128174,0.016450158754984536,60.78968688961689,llama3,NVIDIA GeForce RTX 3060 Ti,6420,8192,92,128
2025-11-03T20:42:59.752064,simple,short,7,48,110.84036254882812,0.7975072860717773,111.6378698348999,0.01661473512649536,60.187537892512616,llama3,NVIDIA GeForce RTX 3060 Ti,6420,8192,92,128
2025-11-03T20:43:01.750578,simple,short,7,118,111.66386866569519,1.970015525817871,113.63388419151306,0.01669504682896501,59.89800509364572,llama3,NVIDIA GeForce RTX 3060 Ti,6420,8192,92,128
2025-11-03T20:43:01.911580,simple,short,4,9,113.65988421440125,0.1334998607635498,113.7933840751648,0.014833317862616645,67.41580064971363,llama3,NVIDIA GeForce RTX 3060 Ti,6420,8192,92,128
2025-11-03T20:43:06.570265,simple,short,6,271,113.81838774681091,4.631683588027954,118.45007133483887,0.017091083350656656,58.51004172661641,llama3,NVIDIA GeForce RTX 3060 Ti,6420,8192,92,128
2025-11-03T20:43:09.844291,simple,short,6,192,118.47507071495056,3.2465267181396484,121.72159743309021,0.016908993323644,59.14012625468902,llama3,NVIDIA GeForce RTX 3060 Ti,6420,8192,92,128
2025-11-03T20:43:13.831179,simple,short,6,233,121.74709916114807,3.9593844413757324,125.7064836025238,0.01699306627199885,58.84753133975582,llama3,NVIDIA GeForce RTX 3060 Ti,6420,8192,92,128
2025-11-03T20:43:17.739711,simple,short,6,229,125.73077154159546,3.8810319900512695,129.61180353164673,0.016947737947822138,59.004924614644786,llama3,NVIDIA GeForce RTX 3060 Ti,6420,8192,92,128
2025-11-03T20:43:18.033715,simple,short,4,17,129.63651609420776,0.26650452613830566,129.90302062034607,0.01567673683166504,63.788785302571746,llama3,NVIDIA GeForce RTX 3060 Ti,6420,8192,92,128
2025-11-03T20:43:20.006730,simple,short,6,116,129.92948937416077,1.9440162181854248,131.8735055923462,0.01675876050159849,59.67028408244259,llama3,NVIDIA GeForce RTX 3060 Ti,6420,8192,92,128
2025-11-03T20:43:20.185730,simple,short,6,10,131.89803624153137,0.15149950981140137,132.04953575134277,0.015149950981140137,66.00681422962222,llama3,NVIDIA GeForce RTX 3060 Ti,6420,8192,92,128
2025-11-03T20:43:20.395733,simple,short,7,12,132.0745370388031,0.18250274658203125,132.25703978538513,0.015208562215169271,65.75243509886711,llama3,NVIDIA GeForce RTX 3060 Ti,6420,8192,92,128
2025-11-03T20:43:20.524732,simple,short,7,7,132.27878403663635,0.10149955749511719,132.38028359413147,0.01449993678501674,68.96581790848445,llama3,NVIDIA GeForce RTX 3060 Ti,6420,8192,92,128
2025-11-03T20:43:20.771235,simple,short,8,14,132.40553760528564,0.21900200843811035,132.62453961372375,0.015643000602722168,63.92635437385214,llama3,NVIDIA GeForce RTX 3060 Ti,6420,8192,92,128
2025-11-03T20:43:24.952269,simple,short,6,244,132.64904022216797,4.153534650802612,136.80257487297058,0.017022682995092672,58.74514612580647,llama3,NVIDIA GeForce RTX 3060 Ti,6420,8192,92,128
2025-11-03T20:43:25.196773,simple,short,7,14,136.8275763988495,0.2160022258758545,137.04357862472534,0.015428730419703893,64.81414690627487,llama3,NVIDIA GeForce RTX 3060 Ti,6420,8192,92,128
2025-11-03T20:43:25.564275,simple,short,7,21,137.0695779323578,0.3385019302368164,137.4080798625946,0.016119139535086497,62.03805096564256,llama3,NVIDIA GeForce RTX 3060 Ti,6420,8192,92,128
2025-11-03T20:43:27.357788,simple,short,7,106,137.41257977485657,1.7665143013000488,139.17909407615662,0.01666522925754763,60.00517511915434,llama3,NVIDIA GeForce RTX 3060 Ti,6420,8192,92,128
2025-11-03T20:43:29.343806,simple,short,5,117,139.18159365653992,1.9580178260803223,141.13961148262024,0.016735195094703607,59.75430787278256,llama3,NVIDIA GeForce RTX 3060 Ti,6420,8192,92,128
2025-11-03T20:43:29.505307,simple,short,5,9,141.14911150932312,0.1340007781982422,141.28311228752136,0.014888975355360243,67.16378905415985,llama3,NVIDIA GeForce RTX 3060 Ti,6420,8192,92,128
2025-11-03T20:47:00.714549,complex,long,9,518,0.14600014686584473,9.026570796966553,9.172570943832397,0.01742581234935628,57.386133854295785,llama3,NVIDIA GeForce RTX 3060 Ti,6505,8192,94,1
2025-11-03T20:47:12.172142,complex,long,12,635,0.2050020694732666,11.213590383529663,11.41859245300293,0.017659197454377423,56.62771496742716,llama3,NVIDIA GeForce RTX 3060 Ti,6596,8192,93,8
2025-11-03T20:47:22.283224,complex,long,10,560,11.44259262084961,10.0830819606781,21.52567458152771,0.018005503501210895,55.53857463262545,llama3,NVIDIA GeForce RTX 3060 Ti,6596,8192,93,8
2025-11-03T20:47:31.246297,complex,long,9,494,21.55967664718628,8.93207049369812,30.4917471408844,0.018081114359712793,55.30632571121487,llama3,NVIDIA GeForce RTX 3060 Ti,6596,8192,93,8
2025-11-03T20:47:42.039386,complex,long,12,598,30.522746562957764,10.762587308883667,41.28533387184143,0.017997637640273692,55.56284774632194,llama3,NVIDIA GeForce RTX 3060 Ti,6596,8192,93,8
2025-11-03T20:47:53.073975,complex,long,13,595,41.31283640861511,11.00408935546875,52.31692576408386,0.018494267824317227,54.07080774969355,llama3,NVIDIA GeForce RTX 3060 Ti,6596,8192,93,8
2025-11-03T20:48:03.008860,complex,long,11,559,52.35092329978943,9.902886867523193,62.25381016731262,0.017715361122581742,56.448186016671244,llama3,NVIDIA GeForce RTX 3060 Ti,6596,8192,93,8
2025-11-03T20:48:12.441436,complex,long,11,530,62.2823121547699,9.40257453918457,71.68488669395447,0.017740706677706736,56.36754037856995,llama3,NVIDIA GeForce RTX 3060 Ti,6596,8192,93,8
2025-11-03T20:48:19.780997,complex,long,10,410,71.71638822555542,7.309057950973511,79.02544617652893,0.017826970612130514,56.09478030549629,llama3,NVIDIA GeForce RTX 3060 Ti,6596,8192,93,8
2025-11-03T20:48:31.730593,complex,long,9,620,0.697502851486206,11.19109058380127,11.888593435287476,0.018050146102905274,55.40121361339254,llama3,NVIDIA GeForce RTX 3060 Ti,6491,8192,95,32
2025-11-03T20:48:43.711691,complex,long,10,650,11.88959527015686,11.953096628189087,23.842691898345947,0.018389379427983212,54.37921404124682,llama3,NVIDIA GeForce RTX 3060 Ti,6491,8192,95,32
2025-11-03T20:48:54.165776,complex,long,9,572,23.865190982818604,10.426586151123047,34.29177713394165,0.018228297466998333,54.859758669753084,llama3,NVIDIA GeForce RTX 3060 Ti,6491,8192,95,32
2025-11-03T20:49:04.728860,complex,long,10,587,34.3337779045105,10.532584428787231,44.86636233329773,0.017943073984305336,55.73181055122952,llama3,NVIDIA GeForce RTX 3060 Ti,6491,8192,95,32
2025-11-03T20:49:13.986937,complex,long,8,522,44.89586305618286,9.23007583618164,54.1259388923645,0.017682137617206207,56.55424822770952,llama3,NVIDIA GeForce RTX 3060 Ti,6491,8192,95,32
2025-11-03T20:49:23.805015,complex,long,11,547,54.17443823814392,9.787078857421875,63.961517095565796,0.017892283103147853,55.89001661973851,llama3,NVIDIA GeForce RTX 3060 Ti,6491,8192,95,32
2025-11-03T20:49:35.053605,complex,long,11,632,63.9800169467926,11.22058892250061,75.20060586929321,0.017754096396361725,56.325029315765455,llama3,NVIDIA GeForce RTX 3060 Ti,6491,8192,95,32
2025-11-03T20:49:42.184663,complex,long,8,406,75.2381100654602,7.100555896759033,82.33866596221924,0.017489053932904022,57.178621773164835,llama3,NVIDIA GeForce RTX 3060 Ti,6491,8192,95,32
2025-11-03T20:49:52.842251,complex,long,11,606,82.37666702270508,10.627087831497192,93.00375485420227,0.01753644856682705,57.02408878224393,llama3,NVIDIA GeForce RTX 3060 Ti,6491,8192,95,32
2025-11-03T20:50:02.339327,complex,long,11,539,93.03625321388245,9.46607756614685,102.5023307800293,0.017562296041088776,56.94016304362473,llama3,NVIDIA GeForce RTX 3060 Ti,6491,8192,95,32
2025-11-03T20:50:10.193892,complex,long,11,446,102.53033304214478,7.823562383651733,110.35389542579651,0.017541619694286397,57.00727854256907,llama3,NVIDIA GeForce RTX 3060 Ti,6491,8192,95,32
2025-11-03T20:50:19.844968,complex,long,12,548,110.38339471817017,9.621076583862305,120.00447130203247,0.01755670909463924,56.95828270603057,llama3,NVIDIA GeForce RTX 3060 Ti,6491,8192,95,32
2025-11-03T20:50:29.860551,complex,long,10,570,120.00447225570679,9.987581729888916,129.9920539855957,0.017522073210331432,57.07087215058411,llama3,NVIDIA GeForce RTX 3060 Ti,6491,8192,95,32
2025-11-03T20:50:40.146634,complex,long,12,584,130.0535545349121,10.255083322525024,140.30863785743713,0.017560074182405863,56.947367625698284,llama3,NVIDIA GeForce RTX 3060 Ti,6491,8192,95,32
2025-11-03T20:50:50.194215,complex,long,11,571,140.3296377658844,10.016579389572144,150.34621715545654,0.017542170559671003,57.0054883800397,llama3,NVIDIA GeForce RTX 3060 Ti,6491,8192,95,32
2025-11-03T20:50:59.399289,complex,long,9,523,150.37271165847778,9.174574136734009,159.5472857952118,0.017542206762397723,57.005370734971144,llama3,NVIDIA GeForce RTX 3060 Ti,6491,8192,95,32
2025-11-03T20:51:09.404370,complex,long,9,569,159.5887906551361,9.973080396652222,169.56187105178833,0.01752738206793009,57.05358599044311,llama3,NVIDIA GeForce RTX 3060 Ti,6491,8192,95,32
2025-11-03T20:51:20.094956,complex,long,9,610,169.56237125396729,10.66258692741394,180.22495818138123,0.01747965070067859,57.20938118981853,llama3,NVIDIA GeForce RTX 3060 Ti,6491,8192,95,32
2025-11-03T20:51:28.451524,complex,long,13,474,180.2814586162567,8.325066566467285,188.606525182724,0.017563431574825497,56.93648167442105,llama3,NVIDIA GeForce RTX 3060 Ti,6491,8192,95,32
2025-11-03T20:51:41.241127,complex,long,11,729,188.6157205104828,12.760101795196533,201.37582230567932,0.01750356899203914,57.13120566753064,llama3,NVIDIA GeForce RTX 3060 Ti,6491,8192,95,32
2025-11-03T20:51:51.623713,complex,long,11,592,201.4301314353943,10.354584217071533,211.78471565246582,0.017490851718026237,57.17274470798872,llama3,NVIDIA GeForce RTX 3060 Ti,6491,8192,95,32
2025-11-03T20:52:02.466800,complex,long,11,617,211.7842161655426,10.81558632850647,222.59980249404907,0.017529313336315185,57.04730018878245,llama3,NVIDIA GeForce RTX 3060 Ti,6491,8192,95,32
2025-11-03T20:52:12.543881,complex,long,11,573,222.63876867294312,10.046581745147705,232.68535041809082,0.017533301474952363,57.03432416470879,llama3,NVIDIA GeForce RTX 3060 Ti,6491,8192,95,32
2025-11-03T20:52:23.032967,complex,long,9,596,232.7323877811432,10.461082696914673,243.19347047805786,0.01755215217603133,56.97307030903986,llama3,NVIDIA GeForce RTX 3060 Ti,6491,8192,95,32
2025-11-03T20:52:33.110550,complex,long,10,572,243.19897174835205,10.048081874847412,253.24705362319946,0.01756657670427869,56.92628773575616,llama3,NVIDIA GeForce RTX 3060 Ti,6491,8192,95,32
2025-11-03T20:52:43.129628,complex,long,10,568,253.2865490913391,9.987581729888916,263.274130821228,0.01758377065121288,56.870623476371534,llama3,NVIDIA GeForce RTX 3060 Ti,6491,8192,95,32
2025-11-03T20:52:53.161711,complex,long,11,571,263.3051314353943,10.001582145690918,273.3067135810852,0.017515905684222274,57.09096737719738,llama3,NVIDIA GeForce RTX 3060 Ti,6491,8192,95,32
2025-11-03T20:53:02.230284,complex,long,9,515,273.34030175209045,9.04007339477539,282.38037514686584,0.0175535405723794,56.968564027106076,llama3,NVIDIA GeForce RTX 3060 Ti,6491,8192,95,32
2025-11-03T20:53:11.471361,complex,long,9,525,282.4102871417999,9.213575839996338,291.62386298179626,0.017549668266659692,56.98113404797335,llama3,NVIDIA GeForce RTX 3060 Ti,6491,8192,95,32
2025-11-03T20:53:21.936947,complex,long,8,596,291.6418626308441,10.437587261199951,302.07944989204407,0.017512730304026763,57.101319019916986,llama3,NVIDIA GeForce RTX 3060 Ti,6491,8192,95,32
2025-11-03T20:53:32.428531,complex,long,10,597,302.1079466342926,10.464086532592773,312.5720331668854,0.01752778313667131,57.05228049677417,llama3,NVIDIA GeForce RTX 3060 Ti,6491,8192,95,32
2025-11-03T20:53:41.661106,complex,long,10,525,312.6055314540863,9.20207691192627,321.8076083660126,0.017527765546526228,57.05233775209795,llama3,NVIDIA GeForce RTX 3060 Ti,6491,8192,95,32
2025-11-03T20:53:51.062179,complex,long,12,492,0.631558895111084,8.717016220092773,9.348575115203857,0.017717512642464985,56.441331251161046,llama3,NVIDIA GeForce RTX 3060 Ti,6492,8192,95,128
2025-11-03T20:54:01.499764,complex,long,9,595,9.370075941085815,10.411084175109863,19.78116011619568,0.01749762046236952,57.150628118297895,llama3,NVIDIA GeForce RTX 3060 Ti,6492,8192,95,128
2025-11-03T20:54:12.044350,complex,long,9,599,19.802659273147583,10.517586708068848,30.32024598121643,0.01755857547256903,56.95222836056689,llama3,NVIDIA GeForce RTX 3060 Ti,6492,8192,95,128
2025-11-03T20:54:19.903913,complex,long,10,447,30.353244304656982,7.834064245223999,38.18730854988098,0.01752587079468456,57.05850577782937,llama3,NVIDIA GeForce RTX 3060 Ti,6492,8192,95,128
2025-11-03T20:54:29.718996,complex,long,7,558,38.21516489982605,9.789083480834961,48.00424838066101,0.017543160359919284,57.00227208118623,llama3,NVIDIA GeForce RTX 3060 Ti,6492,8192,95,128
2025-11-03T20:54:38.660565,complex,long,10,507,48.0318877696991,8.912573099136353,56.94446086883545,0.01757903964326697,56.885928941119076,llama3,NVIDIA GeForce RTX 3060 Ti,6492,8192,95,128
2025-11-03T20:54:47.128634,complex,long,8,481,56.96646046638489,8.441569328308105,65.408029794693,0.017550040183592734,56.97992651520449,llama3,NVIDIA GeForce RTX 3060 Ti,6492,8192,95,128
2025-11-03T20:55:00.267740,complex,long,11,748,65.42103099822998,13.110105991363525,78.5311369895935,0.017526879667598295,57.05522140650548,llama3,NVIDIA GeForce RTX 3060 Ti,6492,8192,95,128
2025-11-03T20:55:09.952818,complex,long,9,551,78.58063697814941,9.656076908111572,88.23671388626099,0.017524640486590876,57.06251153997472,llama3,NVIDIA GeForce RTX 3060 Ti,6492,8192,95,128
2025-11-03T20:55:19.637896,complex,long,7,551,88.24699854850769,9.65807819366455,97.90507674217224,0.017528272583783214,57.050687409161974,llama3,NVIDIA GeForce RTX 3060 Ti,6492,8192,95,128
2025-11-03T20:55:28.508469,complex,long,10,503,97.91473841667175,8.844072341918945,106.7588107585907,0.01758264879109134,56.87425210396475,llama3,NVIDIA GeForce RTX 3060 Ti,6492,8192,95,128
2025-11-03T20:55:38.104547,complex,long,12,545,106.79536819458008,9.566575288772583,116.36194348335266,0.01755334915371116,56.96918526733562,llama3,NVIDIA GeForce RTX 3060 Ti,6492,8192,95,128
2025-11-03T20:55:49.437638,complex,long,12,645,116.41444206237793,11.30359172821045,127.71803379058838,0.017524948415830154,57.06150889988969,llama3,NVIDIA GeForce RTX 3060 Ti,6492,8192,95,128
2025-11-03T20:55:58.549713,complex,long,9,517,127.74103426933289,9.085075616836548,136.82610988616943,0.017572680109935297,56.90651589535377,llama3,NVIDIA GeForce RTX 3060 Ti,6492,8192,95,128
2025-11-03T20:56:08.904799,complex,long,10,589,136.8621106147766,10.324584722518921,147.18669533729553,0.01752900632006608,57.04829935826221,llama3,NVIDIA GeForce RTX 3060 Ti,6492,8192,95,128
2025-11-03T20:56:18.587375,complex,long,7,551,147.21669340133667,9.655576944351196,156.87227034568787,0.017523733111345183,57.065466224921096,llama3,NVIDIA GeForce RTX 3060 Ti,6492,8192,95,128
2025-11-03T20:56:28.146454,complex,long,9,543,156.86647701263428,9.53157925605774,166.39805626869202,0.01755355295774906,56.96852383144163,llama3,NVIDIA GeForce RTX 3060 Ti,6492,8192,95,128
2025-11-03T20:56:38.733537,complex,long,11,602,166.45034909248352,10.556584358215332,177.00693345069885,0.017535854415640085,57.02602087686746,llama3,NVIDIA GeForce RTX 3060 Ti,6492,8192,95,128
2025-11-03T20:56:51.287141,complex,long,11,715,177.0334324836731,12.52660346031189,189.56003594398499,0.017519725119317327,57.07852110632692,llama3,NVIDIA GeForce RTX 3060 Ti,6492,8192,95,128
2025-11-03T20:56:59.722709,complex,long,11,479,189.57486009597778,8.405566453933716,197.9804265499115,0.017548155436187297,56.98604640450294,llama3,NVIDIA GeForce RTX 3060 Ti,6492,8192,95,128
2025-11-03T20:57:09.259785,complex,long,11,541,198.031103849411,9.508575439453125,207.53967928886414,0.017575925026715573,56.896009654114394,llama3,NVIDIA GeForce RTX 3060 Ti,6492,8192,95,128
2025-11-03T20:57:20.361875,complex,long,13,632,207.54368257522583,11.072088718414307,218.61577129364014,0.01751912771900998,57.08046747755035,llama3,NVIDIA GeForce RTX 3060 Ti,6492,8192,95,128
2025-11-03T20:57:31.068962,complex,long,10,610,218.665771484375,10.677085876464844,229.34285736083984,0.0175034194696145,57.131693709104965,llama3,NVIDIA GeForce RTX 3060 Ti,6492,8192,95,128
2025-11-03T20:57:40.007229,complex,long,9,508,229.3783574104309,8.905766725540161,238.28412413597107,0.017531036861299528,57.0416917100631,llama3,NVIDIA GeForce RTX 3060 Ti,6492,8192,95,128
2025-11-03T20:57:49.489689,complex,long,10,539,238.31612420082092,9.45146131515503,247.76758551597595,0.01753517869230989,57.02821839155557,llama3,NVIDIA GeForce RTX 3060 Ti,6492,8192,95,128
2025-11-03T20:57:59.143765,complex,long,9,548,247.79658460617065,9.622077226638794,257.41866183280945,0.01755853508510729,56.95235935987479,llama3,NVIDIA GeForce RTX 3060 Ti,6492,8192,95,128
2025-11-03T20:58:08.441842,complex,long,11,529,257.4246597290039,9.270577907562256,266.69523763656616,0.01752472194246173,57.06224631028457,llama3,NVIDIA GeForce RTX 3060 Ti,6492,8192,95,128
2025-11-03T20:58:19.736433,complex,long,11,644,266.68623661994934,11.265092372894287,277.9513289928436,0.017492379461015974,57.16775137588509,llama3,NVIDIA GeForce RTX 3060 Ti,6492,8192,95,128
2025-11-03T20:58:27.626496,complex,long,10,450,278.05032658576965,7.862063646316528,285.9123902320862,0.017471252547370062,57.23688082973361,llama3,NVIDIA GeForce RTX 3060 Ti,6492,8192,95,128
2025-11-03T20:58:37.295075,complex,long,11,548,285.89139127731323,9.638578414916992,295.5299696922302,0.017588646742549254,56.85485726317239,llama3,NVIDIA GeForce RTX 3060 Ti,6492,8192,95,128
2025-11-03T20:58:46.074152,complex,long,9,499,295.5302231311798,8.751076459884644,304.28129959106445,0.017537227374518325,57.02155640936747,llama3,NVIDIA GeForce RTX 3060 Ti,6492,8192,95,128
2025-11-03T20:58:57.016738,complex,long,12,623,304.34154534339905,10.912088871002197,315.25363421440125,0.017515391446231456,57.092643522686224,llama3,NVIDIA GeForce RTX 3060 Ti,6492,8192,95,128
2025-11-03T20:59:06.681817,complex,long,8,550,315.3146345615387,9.632078886032104,324.9467134475708,0.017512870701876553,57.1008612478848,llama3,NVIDIA GeForce RTX 3060 Ti,6492,8192,95,128
2025-11-03T20:59:16.243394,complex,long,11,544,324.9207124710083,9.532577276229858,334.45328974723816,0.017523119993069592,57.06746289447888,llama3,NVIDIA GeForce RTX 3060 Ti,6492,8192,95,128
2025-11-03T20:59:25.421969,complex,long,13,521,334.51429057121277,9.14757490158081,343.6618654727936,0.0175577253389267,56.9549859504255,llama3,NVIDIA GeForce RTX 3060 Ti,6492,8192,95,128
2025-11-03T20:59:35.590552,complex,long,9,579,343.59786462783813,10.14058232307434,353.7384469509125,0.01751395910720957,57.09731271374003,llama3,NVIDIA GeForce RTX 3060 Ti,6492,8192,95,128
2025-11-03T20:59:45.009129,complex,long,9,535,353.88294649124146,9.390578508377075,363.27352499961853,0.017552483193228177,56.97199587040791,llama3,NVIDIA GeForce RTX 3060 Ti,6492,8192,95,128
2025-11-03T20:59:55.322710,complex,long,10,587,363.2995252609253,10.282581567764282,373.5821068286896,0.017517174732136768,57.08683136929689,llama3,NVIDIA GeForce RTX 3060 Ti,6492,8192,95,128
2025-11-03T21:00:06.261841,complex,long,8,622,373.5846083164215,10.911128282546997,384.4957365989685,0.01754200688512379,57.00602026601834,llama3,NVIDIA GeForce RTX 3060 Ti,6492,8192,95,128
2025-11-03T21:00:15.040914,complex,long,8,498,384.5247404575348,8.751569509506226,393.276309967041,0.0175734327500125,56.9040786865781,llama3,NVIDIA GeForce RTX 3060 Ti,6492,8192,95,128
2025-11-03T21:00:24.974493,complex,long,13,565,393.31581020355225,9.902579307556152,403.2183895111084,0.017526689039922393,57.05584196320219,llama3,NVIDIA GeForce RTX 3060 Ti,6492,8192,95,128
2025-11-03T21:00:33.441062,complex,long,11,481,403.25188875198364,8.439067840576172,411.6909565925598,0.017544839585397445,56.99681636486999,llama3,NVIDIA GeForce RTX 3060 Ti,6492,8192,95,128
2025-11-03T21:00:43.935647,complex,long,10,598,411.69396138191223,10.46658205986023,422.16054344177246,0.01750264558505055,57.13421980355502,llama3,NVIDIA GeForce RTX 3060 Ti,6492,8192,95,128
2025-11-03T21:00:54.874235,complex,long,11,622,422.20804476737976,10.90808629989624,433.116131067276,0.017537116237775305,57.02191776809802,llama3,NVIDIA GeForce RTX 3060 Ti,6492,8192,95,128
2025-11-03T21:01:03.851308,complex,long,12,509,433.1247696876526,8.946071147918701,442.0708408355713,0.017575778286677213,56.896484678463416,llama3,NVIDIA GeForce RTX 3060 Ti,6492,8192,95,128
2025-11-03T21:01:14.072892,complex,long,9,581,442.02527713775635,10.193082094192505,452.21835923194885,0.017544031143188477,56.999442821227156,llama3,NVIDIA GeForce RTX 3060 Ti,6492,8192,95,128
2025-11-03T21:01:23.954972,complex,long,10,562,452.38028621673584,9.85358214378357,462.2338683605194,0.017533064312782152,57.035095643319394,llama3,NVIDIA GeForce RTX 3060 Ti,6492,8192,95,128
2025-11-03T21:01:32.832042,complex,long,10,504,462.1270260810852,8.849570274353027,470.97659635543823,0.01755867117927188,56.9519179321785,llama3,NVIDIA GeForce RTX 3060 Ti,6492,8192,95,128
2025-11-03T21:01:47.648164,complex,long,11,842,470.9989376068115,14.788119554519653,485.7870571613312,0.017563087356911703,56.937597569169085,llama3,NVIDIA GeForce RTX 3060 Ti,6492,8192,95,128
2025-11-03T21:01:58.807755,complex,long,9,635,485.8770606517792,11.129090309143066,497.00615096092224,0.017526126471091443,57.05767339117717,llama3,NVIDIA GeForce RTX 3060 Ti,6492,8192,95,128
2025-11-03T21:02:09.295839,complex,long,12,597,497.0571482181549,10.457586526870728,507.51473474502563,0.017516895354892342,57.08774184808424,llama3,NVIDIA GeForce RTX 3060 Ti,6492,8192,95,128
2025-11-03T21:02:18.863417,complex,long,11,544,507.45423412323,9.538077354431152,516.9923114776611,0.017533230430939618,57.034555265718325,llama3,NVIDIA GeForce RTX 3060 Ti,6492,8192,95,128
2025-11-03T21:02:28.616495,complex,long,8,555,517.1153123378754,9.72407841682434,526.8393907546997,0.01752086201229611,57.0748173975802,llama3,NVIDIA GeForce RTX 3060 Ti,6492,8192,95,128
2025-11-03T21:02:39.734587,complex,long,10,633,526.8617970943451,11.0885910987854,537.9503881931305,0.0175175214830733,57.085701362848184,llama3,NVIDIA GeForce RTX 3060 Ti,6492,8192,95,128
2025-11-03T21:02:49.808166,complex,long,10,574,537.9038646221161,10.044580459594727,547.9484450817108,0.017499269093370604,57.14524387643358,llama3,NVIDIA GeForce RTX 3060 Ti,6492,8192,95,128
2025-11-03T21:02:59.687745,complex,long,11,562,548.0375077724457,9.849579334259033,557.8870871067047,0.017525941875905754,57.0582743615495,llama3,NVIDIA GeForce RTX 3060 Ti,6492,8192,95,128
2025-11-03T21:03:10.812337,complex,long,10,633,557.9087443351746,11.093088388442993,569.0018327236176,0.01752462620607108,57.06255803924472,llama3,NVIDIA GeForce RTX 3060 Ti,6492,8192,95,128
2025-11-03T21:03:19.777909,complex,long,11,509,569.016232252121,8.935072183609009,577.95130443573,0.0175541693194676,56.966523553524034,llama3,NVIDIA GeForce RTX 3060 Ti,6492,8192,95,128
2025-11-03T21:03:29.370987,complex,long,8,545,578.0033049583435,9.565077543258667,587.5683825016022,0.017550600996804895,56.978105774386364,llama3,NVIDIA GeForce RTX 3060 Ti,6492,8192,95,128
2025-11-03T21:03:38.102486,complex,long,8,496,587.6088814735413,8.704000473022461,596.3128819465637,0.01754838805044851,56.98529102075798,llama3,NVIDIA GeForce RTX 3060 Ti,6492,8192,95,128
2025-11-03T21:03:48.136001,complex,long,10,560,596.3118829727173,10.002513408660889,606.3143963813782,0.017861631086894442,55.985928448255024,llama3,NVIDIA GeForce RTX 3060 Ti,6492,8192,95,128
2025-11-03T21:03:57.360015,complex,long,10,514,606.3688998222351,9.196010828018188,615.5649106502533,0.017891071649840832,55.8938010853529,llama3,NVIDIA GeForce RTX 3060 Ti,6492,8192,95,128
2025-11-03T21:04:08.822034,complex,long,10,652,615.5759119987488,11.434017896652222,627.009929895401,0.017536837264804022,57.02282486289442,llama3,NVIDIA GeForce RTX 3060 Ti,6492,8192,95,128
2025-11-03T21:04:19.511548,complex,long,11,601,627.0634272098541,10.659517049789429,637.7229442596436,0.017736301247569766,56.381541226754955,llama3,NVIDIA GeForce RTX 3060 Ti,6492,8192,95,128
2025-11-03T21:04:30.438068,complex,long,9,621,637.7054460048676,10.89601755142212,648.6014635562897,0.017545921982966374,56.9933002649164,llama3,NVIDIA GeForce RTX 3060 Ti,6492,8192,95,128
2025-11-03T21:04:40.018080,complex,long,9,544,648.6969604492188,9.549015283584595,658.2459757328033,0.017553336918354034,56.96922497706888,llama3,NVIDIA GeForce RTX 3060 Ti,6492,8192,95,128
2025-11-03T21:04:50.643874,complex,long,9,605,658.2164731025696,10.59779667854309,668.8142697811127,0.01751701930337701,57.08733790155814,llama3,NVIDIA GeForce RTX 3060 Ti,6492,8192,95,128
2025-11-03T21:05:03.311894,complex,long,12,720,668.8257703781128,12.637518405914307,681.4632887840271,0.017552108897103205,56.97321078978947,llama3,NVIDIA GeForce RTX 3060 Ti,6492,8192,95,128
2025-11-03T21:05:11.149905,complex,long,11,445,681.53528881073,7.806511640548706,689.3418004512787,0.0175427227877499,57.00369390196948,llama3,NVIDIA GeForce RTX 3060 Ti,6492,8192,95,128
2025-11-03T21:05:22.246422,complex,long,9,632,689.3751397132874,11.067517280578613,700.442656993866,0.017511894431295274,57.10404456372883,llama3,NVIDIA GeForce RTX 3060 Ti,6492,8192,95,128
2025-11-03T21:05:31.781935,complex,long,12,541,700.4418189525604,9.506510734558105,709.9483296871185,0.01757210856665084,56.90836681363591,llama3,NVIDIA GeForce RTX 3060 Ti,6492,8192,95,128
2025-11-03T21:05:39.939949,complex,long,11,465,709.9808316230774,8.127012729644775,718.1078443527222,0.017477446730418872,57.21659550302252,llama3,NVIDIA GeForce RTX 3060 Ti,6492,8192,95,128
2025-11-03T21:05:49.104964,complex,long,9,520,718.198980808258,9.134013891220093,727.3329946994781,0.01756541132926941,56.93006450316883,llama3,NVIDIA GeForce RTX 3060 Ti,6492,8192,95,128
2025-11-03T21:05:59.645978,complex,long,11,588,727.3373582363129,10.51201581954956,737.8493740558624,0.017877577924404014,55.935988881074174,llama3,NVIDIA GeForce RTX 3060 Ti,6492,8192,95,128
2025-11-03T21:06:07.451491,complex,long,10,441,737.8578734397888,7.7765138149261475,745.634387254715,0.017633818174435708,56.70921578684138,llama3,NVIDIA GeForce RTX 3060 Ti,6492,8192,95,128
2025-11-03T21:06:21.420073,complex,long,11,757,745.6673851013184,13.937583923339844,759.6049690246582,0.018411603597542726,54.31357430123378,llama3,NVIDIA GeForce RTX 3060 Ti,6492,8192,95,128
2025-11-03T21:06:34.668592,complex,long,10,752,759.6369686126709,13.218518733978271,772.8554873466492,0.017577817465396637,56.8898841945868,llama3,NVIDIA GeForce RTX 3060 Ti,6492,8192,95,128
2025-11-03T21:06:43.752607,complex,long,9,515,772.842990398407,9.053011894226074,781.896002292633,0.01757866387228364,56.887144965363646,llama3,NVIDIA GeForce RTX 3060 Ti,6492,8192,95,128
2025-11-03T21:06:52.787121,complex,long,8,510,781.9409568309784,9.006515741348267,790.9474725723267,0.017659834786957384,56.62567130800945,llama3,NVIDIA GeForce RTX 3060 Ti,6492,8192,95,128
2025-11-03T21:07:03.559636,complex,long,10,606,790.9785146713257,10.745516538619995,801.7240312099457,0.017731875476270618,56.395613726152824,llama3,NVIDIA GeForce RTX 3060 Ti,6492,8192,95,128
2025-11-03T21:07:12.546543,complex,long,10,509,801.7845041751862,8.956906795501709,810.7414109706879,0.01759706639587762,56.82765396817876,llama3,NVIDIA GeForce RTX 3060 Ti,6492,8192,95,128
2025-11-03T21:07:21.449555,complex,long,10,504,810.7844388484955,8.87101125717163,819.6554501056671,0.017601212811848475,56.814266760460825,llama3,NVIDIA GeForce RTX 3060 Ti,6492,8192,95,128
2025-11-03T21:07:30.203568,complex,long,11,496,819.6606769561768,8.723014831542969,828.3836917877197,0.01758672345069147,56.86107493551804,llama3,NVIDIA GeForce RTX 3060 Ti,6492,8192,95,128
2025-11-03T21:07:40.131657,complex,long,9,565,828.3964622020721,9.900589227676392,838.2970514297485,0.01752316677464848,57.067310541536536,llama3,NVIDIA GeForce RTX 3060 Ti,6492,8192,95,128
2025-11-03T21:07:48.804170,complex,long,8,492,838.3395531177521,8.644012451171875,846.983565568924,0.01756913099831682,56.9180114882064,llama3,NVIDIA GeForce RTX 3060 Ti,6492,8192,95,128
2025-11-03T21:08:01.481830,complex,long,8,722,846.9655661582947,12.649158716201782,859.6147248744965,0.017519610410251775,57.07889482604248,llama3,NVIDIA GeForce RTX 3060 Ti,6492,8192,95,128
2025-11-03T21:08:13.130345,complex,long,10,664,859.6753401756287,11.61701512336731,871.292355298996,0.01749550470386643,57.15753943234369,llama3,NVIDIA GeForce RTX 3060 Ti,6492,8192,95,128
2025-11-03T21:08:21.718357,complex,long,13,486,871.3112411499023,8.557011365890503,879.8682525157928,0.017607019271379636,56.79553049762993,llama3,NVIDIA GeForce RTX 3060 Ti,6492,8192,95,128
2025-11-03T21:08:33.224875,complex,long,11,655,879.8735847473145,11.476517677307129,891.3501024246216,0.017521401034056687,57.07306156946472,llama3,NVIDIA GeForce RTX 3060 Ti,6492,8192,95,128
2025-11-03T21:08:47.047895,complex,long,13,786,891.3862700462341,13.792021036148071,905.1782910823822,0.017547100554895764,56.98947224195356,llama3,NVIDIA GeForce RTX 3060 Ti,6492,8192,95,128
2025-11-03T21:08:56.413911,complex,long,9,532,905.2447917461395,9.338014364242554,914.5828061103821,0.017552658579403295,56.97142660619079,llama3,NVIDIA GeForce RTX 3060 Ti,6492,8192,95,128
2025-11-03T21:09:04.599921,complex,long,9,463,914.6603035926819,8.156511783599854,922.8168153762817,0.017616656120086078,56.76446160856967,llama3,NVIDIA GeForce RTX 3060 Ti,6492,8192,95,128
2025-11-03T21:09:15.159439,complex,long,13,595,922.8075995445251,10.529017210006714,933.3366167545319,0.017695827243708762,56.5104974312812,llama3,NVIDIA GeForce RTX 3060 Ti,6492,8192,95,128
2025-11-03T21:09:26.672457,complex,long,8,655,933.3558337688446,11.484018325805664,944.8398520946503,0.017532852405810175,57.03578498548315,llama3,NVIDIA GeForce RTX 3060 Ti,6492,8192,95,128
2025-11-03T21:09:36.776859,complex,long,11,575,944.9373509883881,10.063403844833374,955.0007548332214,0.01750157190405804,57.137724855910385,llama3,NVIDIA GeForce RTX 3060 Ti,6492,8192,95,128
2025-11-03T21:09:47.500879,complex,long,9,611,954.9320044517517,10.696019411087036,965.6280238628387,0.01750576008361217,57.12405489528783,llama3,NVIDIA GeForce RTX 3060 Ti,6492,8192,95,128
2025-11-03T21:09:58.259621,complex,long,8,611,965.7217674255371,10.730746984481812,976.4525144100189,0.017562597355944044,56.9391861427348,llama3,NVIDIA GeForce RTX 3060 Ti,6492,8192,95,128
2025-11-03T21:10:09.040699,complex,long,12,614,976.445018529892,10.753076314926147,987.1980948448181,0.017513153607371577,57.099938847055135,llama3,NVIDIA GeForce RTX 3060 Ti,6492,8192,95,128
2025-11-03T21:10:18.449717,complex,long,11,535,987.1998903751373,9.381014108657837,996.5809044837952,0.017534605810575397,57.030081588539865,llama3,NVIDIA GeForce RTX 3060 Ti,6492,8192,95,128
2025-11-03T21:10:28.185094,complex,long,8,554,996.6536090373993,9.706880807876587,1006.3604898452759,0.017521445501582286,57.072916724233416,llama3,NVIDIA GeForce RTX 3060 Ti,6492,8192,95,128
2025-11-03T21:10:35.747839,complex,long,10,432,1006.3369908332825,7.534742832183838,1013.8717336654663,0.017441534333758883,57.33440538338731,llama3,NVIDIA GeForce RTX 3060 Ti,6492,8192,95,128
2025-11-03T21:10:43.916064,complex,long,9,465,1013.8987350463867,8.137723445892334,1022.036458492279,0.017500480528800717,57.14128811230582,llama3,NVIDIA GeForce RTX 3060 Ti,6492,8192,95,128
2025-11-03T21:10:53.822078,complex,long,10,563,1022.0654580593109,9.876014709472656,1031.9414727687836,0.01754176680190525,57.00680047185371,llama3,NVIDIA GeForce RTX 3060 Ti,6492,8192,95,128
2025-11-03T21:11:03.778594,complex,long,9,567,1031.9676513671875,9.928014516830444,1041.895665884018,0.017509725779242407,57.11111713613981,llama3,NVIDIA GeForce RTX 3060 Ti,6492,8192,95,128
2025-11-03T21:11:12.916107,complex,long,11,519,1041.9254848957062,9.106515884399414,1051.0320007801056,0.017546273380345694,56.99215886606107,llama3,NVIDIA GeForce RTX 3060 Ti,6492,8192,95,128
2025-11-03T21:11:24.318623,complex,long,9,649,1051.0580003261566,11.375017642974854,1062.4330179691315,0.017526991745723964,57.05485656110773,llama3,NVIDIA GeForce RTX 3060 Ti,6492,8192,95,128
2025-11-03T21:11:34.587162,complex,long,13,583,1062.4625182151794,10.238039255142212,1072.7005574703217,0.01756095927125594,56.94449742485401,llama3,NVIDIA GeForce RTX 3060 Ti,6492,8192,95,128
2025-11-03T21:11:42.617553,complex,long,10,457,1072.7265589237213,7.999388933181763,1080.725947856903,0.01750413333300167,57.129363732315475,llama3,NVIDIA GeForce RTX 3060 Ti,6492,8192,95,128
2025-11-03T21:11:52.319137,complex,long,12,551,1080.754947423935,9.6710844039917,1090.4260318279266,0.017551877321219055,56.97396248269502,llama3,NVIDIA GeForce RTX 3060 Ti,6492,8192,95,128
2025-11-03T21:12:01.395226,complex,long,7,516,1090.4480345249176,9.048086404800415,1099.496120929718,0.017535051172093828,57.02863311807444,llama3,NVIDIA GeForce RTX 3060 Ti,6492,8192,95,128
2025-11-03T21:12:09.558302,complex,long,9,464,1099.5231187343597,8.135077476501465,1107.6581962108612,0.017532494561425572,57.036949105928585,llama3,NVIDIA GeForce RTX 3060 Ti,6492,8192,95,128
2025-11-03T21:12:19.344396,complex,long,10,557,1107.6841979026794,9.75709319114685,1117.4412910938263,0.017517222964357003,57.08667418544253,llama3,NVIDIA GeForce RTX 3060 Ti,6492,8192,95,128
2025-11-03T21:12:28.899990,complex,long,11,543,1117.4692919254303,9.525092363357544,1126.9943842887878,0.017541606562352752,57.007321219150406,llama3,NVIDIA GeForce RTX 3060 Ti,6492,8192,95,128
2025-11-03T21:12:40.178597,complex,long,11,641,1127.01988530159,11.24760627746582,1138.2674915790558,0.017546967671553542,56.989903823733655,llama3,NVIDIA GeForce RTX 3060 Ti,6492,8192,95,128
2025-11-03T21:12:50.117807,complex,long,9,565,1138.2919912338257,9.911210536956787,1148.2032017707825,0.017541965552135906,57.006154585581214,llama3,NVIDIA GeForce RTX 3060 Ti,6492,8192,95,128
2025-11-03T21:12:59.811991,complex,long,10,551,1148.2310523986816,9.66318392753601,1157.8942363262177,0.01753753888845011,57.02054355292583,llama3,NVIDIA GeForce RTX 3060 Ti,6492,8192,95,128
2025-11-03T21:13:11.660105,complex,long,9,674,1157.9178845882416,11.820114135742188,1169.7379987239838,0.017537261328994344,57.021446008032086,llama3,NVIDIA GeForce RTX 3060 Ti,6492,8192,95,128
2025-11-03T21:13:22.792133,complex,long,11,633,1169.761498451233,11.104028224945068,1180.865526676178,0.017541908728191263,57.00633924704667,llama3,NVIDIA GeForce RTX 3060 Ti,6492,8192,95,128
2025-11-03T21:13:31.115715,complex,long,9,473,1180.8870265483856,8.296082735061646,1189.1831092834473,0.01753928696630369,57.01486051976858,llama3,NVIDIA GeForce RTX 3060 Ti,6492,8192,95,128
2025-11-03T21:13:41.289309,complex,long,12,574,1189.2061066627502,10.143596887588501,1199.3497035503387,0.017671771581164637,56.587422229124144,llama3,NVIDIA GeForce RTX 3060 Ti,6492,8192,95,128
2025-11-03T21:13:52.131414,complex,long,9,613,1199.3752040863037,10.81360387802124,1210.188807964325,0.01764046309628261,56.68785419872174,llama3,NVIDIA GeForce RTX 3060 Ti,6492,8192,95,128
2025-11-03T21:14:04.258532,complex,long,12,676,1210.2153091430664,12.09611701965332,1222.3114261627197,0.01789366423025639,55.885702734328746,llama3,NVIDIA GeForce RTX 3060 Ti,6492,8192,95,128
2025-11-03T21:14:14.913634,complex,long,8,601,1222.336349248886,10.625600814819336,1232.9619500637054,0.01767986824429174,56.56150748311531,llama3,NVIDIA GeForce RTX 3060 Ti,6492,8192,95,128
2025-11-03T21:14:26.831746,complex,long,8,666,1232.9880294799805,11.887611150741577,1244.875640630722,0.01784926599210447,56.02471274966403,llama3,NVIDIA GeForce RTX 3060 Ti,6492,8192,95,128
2025-11-03T21:14:35.280829,complex,long,9,479,1244.9001424312592,8.421080827713013,1253.3212232589722,0.017580544525496896,56.88105954566479,llama3,NVIDIA GeForce RTX 3060 Ti,6492,8192,95,128
2025-11-03T21:14:45.479428,complex,long,13,572,1253.3487255573273,10.167097091674805,1263.515822649002,0.017774645265165742,56.25991321243256,llama3,NVIDIA GeForce RTX 3060 Ti,6492,8192,95,128
2025-11-03T21:14:55.108019,complex,long,10,547,1263.5378212928772,9.60059118270874,1273.138412475586,0.017551354995811227,56.975658018350046,llama3,NVIDIA GeForce RTX 3060 Ti,6492,8192,95,128
2025-11-03T21:15:10.205163,complex,long,8,859,1273.1634130477905,15.067644357681274,1288.2310574054718,0.017540913105566092,57.009574928153505,llama3,NVIDIA GeForce RTX 3060 Ti,6492,8192,95,128
2025-11-03T21:24:54.184661,simple,short,7,10,0.16249847412109375,0.17850255966186523,0.341001033782959,0.017850255966186522,56.021605622590805,llama3,NVIDIA GeForce RTX 3060 Ti,6614,8192,94,1
2025-11-03T21:24:54.700666,simple,short,7,12,0.23700213432312012,0.2174999713897705,0.4545021057128906,0.01812499761581421,55.17242105055461,llama3,NVIDIA GeForce RTX 3060 Ti,6625,8192,91,8
2025-11-03T21:24:56.085179,simple,short,7,69,0.49500560760498047,1.3405117988586426,1.835517406463623,0.0194277072298354,51.47287779096682,llama3,NVIDIA GeForce RTX 3060 Ti,6625,8192,91,8
2025-11-03T21:24:56.312682,simple,short,8,12,1.8820197582244873,0.18400049209594727,2.0660202503204346,0.01533337434132894,65.21721688517326,llama3,NVIDIA GeForce RTX 3060 Ti,6625,8192,91,8
2025-11-03T21:24:56.524687,simple,short,3,12,2.089019536972046,0.18450498580932617,2.273524522781372,0.015375415484110514,65.03889283729825,llama3,NVIDIA GeForce RTX 3060 Ti,6625,8192,91,8
2025-11-03T21:24:56.780186,simple,short,5,14,2.313520669937134,0.2160031795501709,2.5295238494873047,0.015428798539297921,64.81386074573143,llama3,NVIDIA GeForce RTX 3060 Ti,6625,8192,91,8
2025-11-03T21:24:57.023688,simple,short,7,14,2.559523820877075,0.2160027027130127,2.775526523590088,0.015428764479500907,64.8140038256873,llama3,NVIDIA GeForce RTX 3060 Ti,6625,8192,91,8
2025-11-03T21:24:57.233691,simple,short,4,12,2.8038668632507324,0.18250155448913574,2.986368417739868,0.015208462874094645,65.75286459115807,llama3,NVIDIA GeForce RTX 3060 Ti,6625,8192,91,8
2025-11-03T21:24:57.477193,simple,short,4,14,3.0120301246643066,0.21650075912475586,3.2285308837890625,0.015464339937482561,64.66490028301783,llama3,NVIDIA GeForce RTX 3060 Ti,6625,8192,91,8
2025-11-03T21:24:58.435201,simple,short,6,26,0.4835054874420166,0.41950225830078125,0.9030077457427979,0.01613470224233774,61.97821223970174,llama3,NVIDIA GeForce RTX 3060 Ti,6624,8192,93,32
2025-11-03T21:24:59.891216,simple,short,7,85,0.9020092487335205,1.4285125732421875,2.330521821975708,0.0168060302734375,59.50245142545851,llama3,NVIDIA GeForce RTX 3060 Ti,6624,8192,93,32
2025-11-03T21:25:00.053719,simple,short,5,9,2.3680214881896973,0.13500237464904785,2.503023862838745,0.015000263849894205,66.66549402109702,llama3,NVIDIA GeForce RTX 3060 Ti,6624,8192,93,32
2025-11-03T21:25:01.799234,simple,short,7,104,2.5535240173339844,1.7180159091949463,4.271539926528931,0.0165193837422591,60.534945831051054,llama3,NVIDIA GeForce RTX 3060 Ti,6624,8192,93,32
2025-11-03T21:25:02.009737,simple,short,6,12,4.2840416431427,0.1835017204284668,4.467543363571167,0.015291810035705566,65.39448225324882,llama3,NVIDIA GeForce RTX 3060 Ti,6624,8192,93,32
2025-11-03T21:25:02.200738,simple,short,8,10,4.516542434692383,0.1510002613067627,4.6675426959991455,0.01510002613067627,66.22505095990944,llama3,NVIDIA GeForce RTX 3060 Ti,6624,8192,93,32
2025-11-03T21:25:03.764752,simple,short,5,93,4.688045024871826,1.5370128154754639,6.22505784034729,0.016527019521241547,60.50697760202547,llama3,NVIDIA GeForce RTX 3060 Ti,6624,8192,93,32
2025-11-03T21:25:03.976756,simple,short,7,12,6.2575602531433105,0.18450188636779785,6.442062139511108,0.015375157197316488,65.03998542366355,llama3,NVIDIA GeForce RTX 3060 Ti,6624,8192,93,32
2025-11-03T21:25:04.154757,simple,short,7,10,6.476061820983887,0.15000104904174805,6.626062870025635,0.015000104904174805,66.66620042915044,llama3,NVIDIA GeForce RTX 3060 Ti,6624,8192,93,32
2025-11-03T21:25:04.383260,simple,short,5,13,6.654062509536743,0.20000290870666504,6.854065418243408,0.015384839131281925,64.9990546840821,llama3,NVIDIA GeForce RTX 3060 Ti,6624,8192,93,32
2025-11-03T21:25:04.861264,simple,short,7,28,6.853067636489868,0.4505031108856201,7.303570747375488,0.016089396817343577,62.1527339621613,llama3,NVIDIA GeForce RTX 3060 Ti,6624,8192,93,32
2025-11-03T21:25:05.725773,simple,short,7,51,7.34307074546814,0.8375098705291748,8.180580615997314,0.016421762167238722,60.894804699765515,llama3,NVIDIA GeForce RTX 3060 Ti,6624,8192,93,32
2025-11-03T21:25:05.968276,simple,short,4,14,8.197581052780151,0.21550202369689941,8.41308307647705,0.015393001692635673,64.96458715251234,llama3,NVIDIA GeForce RTX 3060 Ti,6624,8192,93,32
2025-11-03T21:25:09.978314,simple,short,7,234,8.447580575942993,3.9830400943756104,12.430620670318604,0.017021538864853036,58.74909477572867,llama3,NVIDIA GeForce RTX 3060 Ti,6624,8192,93,32
2025-11-03T21:25:11.258327,simple,short,5,76,12.47711968421936,1.2515125274658203,13.72863221168518,0.01646727009823448,60.726519576988906,llama3,NVIDIA GeForce RTX 3060 Ti,6624,8192,93,32
2025-11-03T21:25:12.319336,simple,short,7,63,13.75363302230835,1.0340092182159424,14.787642240524292,0.016412844733586385,60.92789009047605,llama3,NVIDIA GeForce RTX 3060 Ti,6624,8192,93,32
2025-11-03T21:25:12.463836,simple,short,6,8,14.809640645980835,0.1165010929107666,14.926141738891602,0.014562636613845825,68.6688836998942,llama3,NVIDIA GeForce RTX 3060 Ti,6624,8192,93,32
2025-11-03T21:25:12.691839,simple,short,5,13,14.93014407157898,0.20000195503234863,15.130146026611328,0.015384765771719126,64.99936462069763,llama3,NVIDIA GeForce RTX 3060 Ti,6624,8192,93,32
2025-11-03T21:25:13.133843,simple,short,5,26,15.18764615058899,0.41500234603881836,15.602648496627808,0.015961628693800706,62.65024824117023,llama3,NVIDIA GeForce RTX 3060 Ti,6624,8192,93,32
2025-11-03T21:25:13.194847,simple,short,4,3,15.615146160125732,0.034002065658569336,15.649148225784302,0.01133402188618978,88.22993373768537,llama3,NVIDIA GeForce RTX 3060 Ti,6624,8192,93,32
2025-11-03T21:25:13.413846,simple,short,4,12,15.660150289535522,0.18300127983093262,15.843151569366455,0.015250106652577719,65.57331189752503,llama3,NVIDIA GeForce RTX 3060 Ti,6624,8192,93,32
2025-11-03T21:25:13.674347,simple,short,4,15,15.874653339385986,0.23400115966796875,16.108654499053955,0.015600077311197917,64.10224642170128,llama3,NVIDIA GeForce RTX 3060 Ti,6624,8192,93,32
2025-11-03T21:25:13.979351,simple,short,8,17,16.185156106948853,0.26600050926208496,16.451156616210938,0.015647088780122644,63.909652079839596,llama3,NVIDIA GeForce RTX 3060 Ti,6624,8192,93,32
2025-11-03T21:25:14.808359,simple,short,5,49,16.44415807723999,0.801506757736206,17.245664834976196,0.016357280770126655,61.13485572897316,llama3,NVIDIA GeForce RTX 3060 Ti,6624,8192,93,32
2025-11-03T21:25:18.323393,simple,short,4,207,17.30416774749756,3.4890317916870117,20.79319953918457,0.016855226046797157,59.32878011980271,llama3,NVIDIA GeForce RTX 3060 Ti,6624,8192,93,32
2025-11-03T21:25:18.550895,simple,short,5,13,20.813699960708618,0.2005014419555664,21.014201402664185,0.015423187842735877,64.83743893912225,llama3,NVIDIA GeForce RTX 3060 Ti,6624,8192,93,32
2025-11-03T21:25:21.308921,simple,short,5,163,21.029202461242676,2.7305245399475098,23.759727001190186,0.0167516842941565,59.69548986479112,llama3,NVIDIA GeForce RTX 3060 Ti,6624,8192,93,32
2025-11-03T21:25:21.738927,simple,short,6,25,23.789226531982422,0.40250563621520996,24.191732168197632,0.0161002254486084,62.11093150167246,llama3,NVIDIA GeForce RTX 3060 Ti,6624,8192,93,32
2025-11-03T21:25:23.734946,simple,short,6,118,24.232731819152832,1.968520164489746,26.201251983642578,0.016682374275336833,59.943505852065485,llama3,NVIDIA GeForce RTX 3060 Ti,6624,8192,93,32
2025-11-03T21:25:23.931948,simple,short,7,11,26.22675371170044,0.16900157928466797,26.395755290985107,0.015363779934969816,65.08814915552647,llama3,NVIDIA GeForce RTX 3060 Ti,6624,8192,93,32
2025-11-03T21:25:25.922968,simple,short,6,118,26.410253524780273,1.9640209674835205,28.374274492263794,0.01664424548714848,60.080824977745614,llama3,NVIDIA GeForce RTX 3060 Ti,6624,8192,93,32
2025-11-03T21:25:26.100469,simple,short,5,10,28.37927222251892,0.15000295639038086,28.5292751789093,0.015000295639038087,66.66535274128279,llama3,NVIDIA GeForce RTX 3060 Ti,6624,8192,93,32
2025-11-03T21:25:27.298479,simple,short,5,9,0.9875109195709229,0.15150070190429688,1.1390116214752197,0.01683341132269965,59.40566536573083,llama3,NVIDIA GeForce RTX 3060 Ti,6629,8192,94,128
2025-11-03T21:25:28.815494,simple,short,5,83,1.301511526107788,1.363513708114624,2.665025234222412,0.01642787600138101,60.87214195650946,llama3,NVIDIA GeForce RTX 3060 Ti,6629,8192,94,128
2025-11-03T21:25:29.094496,simple,short,5,16,2.6795270442962646,0.25350022315979004,2.9330272674560547,0.015843763947486877,63.116315246454995,llama3,NVIDIA GeForce RTX 3060 Ti,6629,8192,94,128
2025-11-03T21:25:29.323998,simple,short,5,13,2.9740283489227295,0.20350122451782227,3.1775295734405518,0.01565394034752479,63.88167948769018,llama3,NVIDIA GeForce RTX 3060 Ti,6629,8192,94,128
2025-11-03T21:25:29.568501,simple,short,6,14,3.1910288333892822,0.21900296211242676,3.410031795501709,0.015643068722316196,63.926075998976664,llama3,NVIDIA GeForce RTX 3060 Ti,6629,8192,94,128
2025-11-03T21:25:29.848504,simple,short,5,16,3.438532590866089,0.2530033588409424,3.6915359497070312,0.0158127099275589,63.24026713834596,llama3,NVIDIA GeForce RTX 3060 Ti,6629,8192,94,128
2025-11-03T21:25:30.108008,simple,short,6,15,3.708986759185791,0.23500275611877441,3.9439895153045654,0.015666850407918296,63.82903863654579,llama3,NVIDIA GeForce RTX 3060 Ti,6629,8192,94,128
2025-11-03T21:25:31.429019,simple,short,7,78,3.987039804458618,1.2945122718811035,5.281552076339722,0.016596311177962866,60.254353469090965,llama3,NVIDIA GeForce RTX 3060 Ti,6629,8192,94,128
2025-11-03T21:25:31.655523,simple,short,5,13,5.290981292724609,0.20000362396240234,5.490984916687012,0.015384894150954027,64.99882223356015,llama3,NVIDIA GeForce RTX 3060 Ti,6629,8192,94,128
2025-11-03T21:25:31.915524,simple,short,6,15,5.536053895950317,0.23450231552124023,5.770556211471558,0.015633487701416017,63.96525324988257,llama3,NVIDIA GeForce RTX 3060 Ti,6629,8192,94,128
2025-11-03T21:25:32.310029,simple,short,5,23,5.790055751800537,0.36800479888916016,6.158060550689697,0.01600020864735479,62.499184981898566,llama3,NVIDIA GeForce RTX 3060 Ti,6629,8192,94,128
2025-11-03T21:25:32.473530,simple,short,5,9,6.181059837341309,0.1380021572113037,6.319061994552612,0.01533357302347819,65.21637184424254,llama3,NVIDIA GeForce RTX 3060 Ti,6629,8192,94,128
2025-11-03T21:25:32.755032,simple,short,5,16,6.331061124801636,0.25600123405456543,6.587062358856201,0.01600007712841034,62.49969871859945,llama3,NVIDIA GeForce RTX 3060 Ti,6629,8192,94,128
2025-11-03T21:25:38.002082,simple,short,5,305,6.634053468704224,5.222048997879028,11.856102466583252,0.017121472124193536,58.406192688708565,llama3,NVIDIA GeForce RTX 3060 Ti,6629,8192,94,128
2025-11-03T21:25:39.141593,simple,short,8,67,11.88361120223999,1.112511157989502,12.996122360229492,0.016604644149097045,60.22411507411797,llama3,NVIDIA GeForce RTX 3060 Ti,6629,8192,94,128
2025-11-03T21:25:39.287096,simple,short,7,8,13.01012921333313,0.11899924278259277,13.129128456115723,0.014874905347824097,67.22731853525913,llama3,NVIDIA GeForce RTX 3060 Ti,6629,8192,94,128
2025-11-03T21:25:39.481096,simple,short,4,11,13.165127754211426,0.16749954223632812,13.332627296447754,0.015227231112393465,65.6718212667107,llama3,NVIDIA GeForce RTX 3060 Ti,6629,8192,94,128
2025-11-03T21:25:39.546096,simple,short,4,3,13.353127717971802,0.037000417709350586,13.390128135681152,0.01233347256978353,81.0801657312602,llama3,NVIDIA GeForce RTX 3060 Ti,6629,8192,94,128
2025-11-03T21:25:39.742101,simple,short,7,11,13.41962718963623,0.16950511932373047,13.589132308959961,0.015409556302157316,64.89479517719802,llama3,NVIDIA GeForce RTX 3060 Ti,6629,8192,94,128
2025-11-03T21:25:43.178132,simple,short,5,202,13.609631538391113,3.409531354904175,17.019162893295288,0.016878868093585023,59.245678943368226,llama3,NVIDIA GeForce RTX 3060 Ti,6629,8192,94,128
2025-11-03T21:25:43.373633,simple,short,5,11,17.05066180229187,0.16900157928466797,17.219663381576538,0.015363779934969816,65.08814915552647,llama3,NVIDIA GeForce RTX 3060 Ti,6629,8192,94,128
2025-11-03T21:25:43.597638,simple,short,4,12,17.253666400909424,0.18650412559509277,17.440170526504517,0.01554201046625773,64.34174022537408,llama3,NVIDIA GeForce RTX 3060 Ti,6629,8192,94,128
2025-11-03T21:25:46.018159,simple,short,6,143,17.460102796554565,2.3930232524871826,19.853126049041748,0.016734428339071208,59.75704575848702,llama3,NVIDIA GeForce RTX 3060 Ti,6629,8192,94,128
2025-11-03T21:25:46.252663,simple,short,5,13,19.880691528320312,0.20150423049926758,20.08219575881958,0.015500325423020583,64.51477454239975,llama3,NVIDIA GeForce RTX 3060 Ti,6629,8192,94,128
2025-11-03T21:25:47.518173,simple,short,5,75,20.130192756652832,1.2390120029449463,21.36920475959778,0.01652016003926595,60.53210124013021,llama3,NVIDIA GeForce RTX 3060 Ti,6629,8192,94,128
2025-11-03T21:25:50.523205,simple,short,6,177,21.39820647239685,2.9775309562683105,24.37573742866516,0.01682220879247633,59.44522579265846,llama3,NVIDIA GeForce RTX 3060 Ti,6629,8192,94,128
2025-11-03T21:25:50.752705,simple,short,6,13,24.390233516693115,0.20250320434570312,24.59273672103882,0.015577169565054087,64.1965150230762,llama3,NVIDIA GeForce RTX 3060 Ti,6629,8192,94,128
2025-11-03T21:25:54.061239,simple,short,6,194,24.616544008255005,3.282036066055298,27.898580074310303,0.01691771168069741,59.10964903964933,llama3,NVIDIA GeForce RTX 3060 Ti,6629,8192,94,128
2025-11-03T21:25:54.257237,simple,short,6,11,27.926140546798706,0.16900181770324707,28.095142364501953,0.015363801609386097,65.0880573327032,llama3,NVIDIA GeForce RTX 3060 Ti,6629,8192,94,128
2025-11-03T21:25:59.135787,simple,short,6,284,28.1297709941864,4.851047992706299,32.9808189868927,0.017081154903895418,58.54405077562679,llama3,NVIDIA GeForce RTX 3060 Ti,6629,8192,94,128
2025-11-03T21:25:59.363787,simple,short,5,13,33.00281739234924,0.2005009651184082,33.20331835746765,0.015423151162954478,64.83759313738314,llama3,NVIDIA GeForce RTX 3060 Ti,6629,8192,94,128
2025-11-03T21:26:02.122315,simple,short,6,163,33.23781991004944,2.731027364730835,35.96884727478027,0.016754769108778128,59.68449899295131,llama3,NVIDIA GeForce RTX 3060 Ti,6629,8192,94,128
2025-11-03T21:26:02.233314,simple,short,5,6,35.99384689331055,0.0839998722076416,36.07784676551819,0.0139999787012736,71.42868009570817,llama3,NVIDIA GeForce RTX 3060 Ti,6629,8192,94,128
2025-11-03T21:26:02.429317,simple,short,7,11,36.049845457077026,0.16800189018249512,36.21784734725952,0.015272899107499556,65.47545380621045,llama3,NVIDIA GeForce RTX 3060 Ti,6629,8192,94,128
2025-11-03T21:26:06.256354,simple,short,6,223,36.29234838485718,3.8005380630493164,40.092886447906494,0.01704277158318079,58.67590228028886,llama3,NVIDIA GeForce RTX 3060 Ti,6629,8192,94,128
2025-11-03T21:26:06.941361,simple,short,5,40,40.078885555267334,0.6570065021514893,40.73589205741882,0.01642516255378723,60.88219807416305,llama3,NVIDIA GeForce RTX 3060 Ti,6629,8192,94,128
2025-11-03T21:26:07.119361,simple,short,8,10,40.79439115524292,0.15050196647644043,40.94489312171936,0.015050196647644043,66.44431454366013,llama3,NVIDIA GeForce RTX 3060 Ti,6629,8192,94,128
2025-11-03T21:26:07.330864,simple,short,7,12,40.97089409828186,0.18450045585632324,41.155394554138184,0.015375037988026937,65.0404897066748,llama3,NVIDIA GeForce RTX 3060 Ti,6629,8192,94,128
2025-11-03T21:26:07.574366,simple,short,5,14,41.191895961761475,0.2160024642944336,41.40789842605591,0.0154287474496024,64.81407536590211,llama3,NVIDIA GeForce RTX 3060 Ti,6629,8192,94,128
2025-11-03T21:26:11.406902,simple,short,5,225,41.42339634895325,3.805536985397339,45.228933334350586,0.016913497712877062,59.124376103391775,llama3,NVIDIA GeForce RTX 3060 Ti,6629,8192,94,128
2025-11-03T21:26:14.096429,simple,short,7,158,45.23493480682373,2.6610255241394043,47.895960330963135,0.016841933697084838,59.375604843586906,llama3,NVIDIA GeForce RTX 3060 Ti,6629,8192,94,128
2025-11-03T21:26:14.356431,simple,short,7,15,47.940916776657104,0.2330005168914795,48.173917293548584,0.015533367792765299,64.37753958711724,llama3,NVIDIA GeForce RTX 3060 Ti,6629,8192,94,128
2025-11-03T21:26:18.354969,simple,short,6,234,48.214962005615234,3.971039056777954,52.18600106239319,0.016970252379392967,58.926642789019645,llama3,NVIDIA GeForce RTX 3060 Ti,6629,8192,94,128
2025-11-03T21:26:18.624473,simple,short,8,15,52.23400068283081,0.23950433731079102,52.4735050201416,0.0159669558207194,62.62934595850497,llama3,NVIDIA GeForce RTX 3060 Ti,6629,8192,94,128
2025-11-03T21:26:21.868503,simple,short,6,190,52.48300266265869,3.216031789779663,55.699034452438354,0.01692648310410349,59.079018000943734,llama3,NVIDIA GeForce RTX 3060 Ti,6629,8192,94,128
2025-11-03T21:26:22.082005,simple,short,3,12,55.72053241729736,0.1855025291442871,55.90603494644165,0.01545854409535726,64.68914496937231,llama3,NVIDIA GeForce RTX 3060 Ti,6629,8192,94,128
2025-11-03T21:26:22.293507,simple,short,7,12,55.93602919578552,0.18400263786315918,56.12003183364868,0.015333553155263266,65.21645634735016,llama3,NVIDIA GeForce RTX 3060 Ti,6629,8192,94,128
2025-11-03T21:26:22.539512,simple,short,6,14,56.12153720855713,0.21900486946105957,56.34054207801819,0.015643204961504256,63.92551925649894,llama3,NVIDIA GeForce RTX 3060 Ti,6629,8192,94,128
2025-11-03T21:26:23.585520,simple,short,5,62,56.37404155731201,1.0185086727142334,57.392550230026245,0.016427559237326344,60.873315722266376,llama3,NVIDIA GeForce RTX 3060 Ti,6629,8192,94,128
2025-11-03T21:26:23.746021,simple,short,5,9,57.41055202484131,0.13299989700317383,57.54355192184448,0.014777766333685981,67.66922533620631,llama3,NVIDIA GeForce RTX 3060 Ti,6629,8192,94,128
2025-11-03T21:26:23.906023,simple,short,5,9,57.530553102493286,0.13300132751464844,57.663554430007935,0.014777925279405382,67.66849751186703,llama3,NVIDIA GeForce RTX 3060 Ti,6629,8192,94,128
2025-11-03T21:26:25.480537,simple,short,7,93,57.76205587387085,1.5470128059387207,59.30906867980957,0.01663454630041635,60.115856599886385,llama3,NVIDIA GeForce RTX 3060 Ti,6629,8192,94,128
2025-11-03T21:26:29.234576,simple,short,4,220,59.33156991004944,3.726036548614502,63.05760645866394,0.016936529766429554,59.043972631402475,llama3,NVIDIA GeForce RTX 3060 Ti,6629,8192,94,128
2025-11-03T21:26:29.966580,simple,short,7,43,63.09512972831726,0.703981876373291,63.79911160469055,0.016371671543564906,61.0811179138921,llama3,NVIDIA GeForce RTX 3060 Ti,6629,8192,94,128
2025-11-03T21:26:30.144585,simple,short,8,10,63.78211212158203,0.15000319480895996,63.93211531639099,0.015000319480895996,66.66524678181509,llama3,NVIDIA GeForce RTX 3060 Ti,6629,8192,94,128
2025-11-03T21:26:30.275583,simple,short,7,7,64.00761461257935,0.10249900817871094,64.11011362075806,0.014642715454101562,68.2933437540706,llama3,NVIDIA GeForce RTX 3060 Ti,6629,8192,94,128
2025-11-03T21:26:32.296105,simple,short,6,119,64.10511517524719,1.9930198192596436,66.09813499450684,0.01674806570806423,59.70838766882182,llama3,NVIDIA GeForce RTX 3060 Ti,6629,8192,94,128
2025-11-03T21:26:34.382123,simple,short,7,123,66.08863282203674,2.057520866394043,68.14615368843079,0.01672781192190279,59.78068169756478,llama3,NVIDIA GeForce RTX 3060 Ti,6629,8192,94,128
2025-11-03T21:26:34.562624,simple,short,7,10,68.20415353775024,0.15150117874145508,68.3556547164917,0.015150117874145507,66.00608710157654,llama3,NVIDIA GeForce RTX 3060 Ti,6629,8192,94,128
2025-11-03T21:26:36.393643,simple,short,6,108,68.39365935325623,1.803515911102295,70.19717526435852,0.016699221399095323,59.8830314360749,llama3,NVIDIA GeForce RTX 3060 Ti,6629,8192,94,128
2025-11-03T21:26:36.689146,simple,short,4,17,70.15567564964294,0.2670009136199951,70.42267656326294,0.015705936095293832,63.67019411849274,llama3,NVIDIA GeForce RTX 3060 Ti,6629,8192,94,128
2025-11-03T21:26:36.917647,simple,short,4,13,70.43017506599426,0.20150160789489746,70.63167667388916,0.01550012368422288,64.51561422170266,llama3,NVIDIA GeForce RTX 3060 Ti,6629,8192,94,128
2025-11-03T21:26:37.165649,simple,short,6,14,70.72967886924744,0.21950149536132812,70.94918036460876,0.015678678240094866,63.78088667211206,llama3,NVIDIA GeForce RTX 3060 Ti,6629,8192,94,128
2025-11-03T21:26:39.402671,simple,short,7,132,70.92418050765991,2.2080209255218506,73.13220143318176,0.016727431253953415,59.78204213295791,llama3,NVIDIA GeForce RTX 3060 Ti,6629,8192,94,128
2025-11-03T21:26:39.686674,simple,short,8,16,73.21070051193237,0.25550389289855957,73.46620440483093,0.015968993306159973,62.62135507403927,llama3,NVIDIA GeForce RTX 3060 Ti,6629,8192,94,128
2025-11-03T21:26:40.300181,simple,short,4,36,73.505704164505,0.5865066051483154,74.09221076965332,0.01629185014300876,61.3803829044625,llama3,NVIDIA GeForce RTX 3060 Ti,6629,8192,94,128
2025-11-03T21:26:40.512182,simple,short,7,12,74.08121180534363,0.18300104141235352,74.26421284675598,0.015250086784362793,65.57339732816372,llama3,NVIDIA GeForce RTX 3060 Ti,6629,8192,94,128
2025-11-03T21:26:40.692684,simple,short,5,10,74.28021383285522,0.15200066566467285,74.4322144985199,0.015200066566467284,65.78918556883757,llama3,NVIDIA GeForce RTX 3060 Ti,6629,8192,94,128
2025-11-03T21:26:40.887686,simple,short,6,11,74.48571443557739,0.16750240325927734,74.65321683883667,0.01522749120538885,65.67069955989274,llama3,NVIDIA GeForce RTX 3060 Ti,6629,8192,94,128
2025-11-03T21:26:41.131689,simple,short,7,14,74.69221758842468,0.2160031795501709,74.90822076797485,0.015428798539297921,64.81386074573143,llama3,NVIDIA GeForce RTX 3060 Ti,6629,8192,94,128
2025-11-03T21:26:41.277189,simple,short,6,8,74.88021802902222,0.11750102043151855,74.99771904945374,0.01468762755393982,68.08451510140311,llama3,NVIDIA GeForce RTX 3060 Ti,6629,8192,94,128
2025-11-03T21:26:41.422691,simple,short,7,8,75.03372001647949,0.11700153350830078,75.1507215499878,0.014625191688537598,68.37517218893915,llama3,NVIDIA GeForce RTX 3060 Ti,6629,8192,94,128
2025-11-03T21:26:41.587192,simple,short,5,9,75.20622110366821,0.13550138473510742,75.34172248840332,0.015055709415011935,66.41998543110213,llama3,NVIDIA GeForce RTX 3060 Ti,6629,8192,94,128
2025-11-03T21:26:43.422709,simple,short,7,108,75.37072324752808,1.8080172538757324,77.17874050140381,0.016740900498849375,59.73394322896378,llama3,NVIDIA GeForce RTX 3060 Ti,6629,8192,94,128
2025-11-03T21:26:47.666250,simple,short,6,248,77.19074153900146,4.21653938293457,81.40728092193604,0.017002174931187785,58.81600466100717,llama3,NVIDIA GeForce RTX 3060 Ti,6629,8192,94,128
2025-11-03T21:26:48.096254,simple,short,6,25,81.4282820224762,0.40250277519226074,81.83078479766846,0.01610011100769043,62.1113729913003,llama3,NVIDIA GeForce RTX 3060 Ti,6629,8192,94,128
2025-11-03T21:26:48.607261,simple,short,4,30,81.87728548049927,0.4835059642791748,82.36079144477844,0.016116865475972495,62.046804416828444,llama3,NVIDIA GeForce RTX 3060 Ti,6629,8192,94,128
2025-11-03T21:26:48.753261,simple,short,6,8,82.45329022407532,0.11800169944763184,82.57129192352295,0.01475021243095398,67.79563377009102,llama3,NVIDIA GeForce RTX 3060 Ti,6629,8192,94,128
2025-11-03T21:26:49.369267,simple,short,7,36,82.51870131492615,0.5875048637390137,83.10620617866516,0.016319579548305936,61.276088458039084,llama3,NVIDIA GeForce RTX 3060 Ti,6629,8192,94,128
2025-11-03T21:26:49.648770,simple,short,6,16,83.12429761886597,0.25150251388549805,83.37580013275146,0.015718907117843628,63.61765436382217,llama3,NVIDIA GeForce RTX 3060 Ti,6629,8192,94,128
2025-11-03T21:26:50.194777,simple,short,7,32,83.40730237960815,0.5185065269470215,83.92580890655518,0.01620332896709442,61.71571298902783,llama3,NVIDIA GeForce RTX 3060 Ti,6629,8192,94,128
2025-11-03T21:26:50.372276,simple,short,7,10,83.99830555915833,0.14950060844421387,84.14780616760254,0.014950060844421386,66.88935987662886,llama3,NVIDIA GeForce RTX 3060 Ti,6629,8192,94,128
2025-11-03T21:26:52.995802,simple,short,4,154,84.13530826568604,2.5965235233306885,86.73183178901672,0.016860542359290184,59.31007310977743,llama3,NVIDIA GeForce RTX 3060 Ti,6629,8192,94,128
2025-11-03T21:26:58.435353,simple,short,5,315,86.83183312416077,5.409051179885864,92.24088430404663,0.017171591047256712,58.23572185291225,llama3,NVIDIA GeForce RTX 3060 Ti,6629,8192,94,128
2025-11-03T21:26:58.647356,simple,short,8,12,92.18538641929626,0.18399977684020996,92.36938619613647,0.015333314736684164,65.21747040172284,llama3,NVIDIA GeForce RTX 3060 Ti,6629,8192,94,128
2025-11-03T21:26:58.860359,simple,short,7,12,92.44938635826111,0.18500208854675293,92.63438844680786,0.01541684071222941,64.86413258500815,llama3,NVIDIA GeForce RTX 3060 Ti,6629,8192,94,128
2025-11-03T21:26:59.891868,simple,short,7,61,92.6371476650238,1.0035088062286377,93.64065647125244,0.016450964036535044,60.78671120909114,llama3,NVIDIA GeForce RTX 3060 Ti,6629,8192,94,128
2025-11-03T21:27:00.519377,simple,short,7,37,93.65790057182312,0.6000068187713623,94.25790739059448,0.016216400507334118,61.665965856463316,llama3,NVIDIA GeForce RTX 3060 Ti,6629,8192,94,128
2025-11-03T21:27:00.747377,simple,short,5,13,94.29228711128235,0.20000338554382324,94.49229049682617,0.015384875811063327,64.99889971688273,llama3,NVIDIA GeForce RTX 3060 Ti,6629,8192,94,128
2025-11-03T21:27:00.958877,simple,short,4,12,94.5068633556366,0.18400192260742188,94.69086527824402,0.01533349355061849,65.21670985798694,llama3,NVIDIA GeForce RTX 3060 Ti,6629,8192,94,128
2025-11-03T21:27:01.172882,simple,short,6,12,94.70290732383728,0.18550419807434082,94.88841152191162,0.015458683172861734,64.68856297899522,llama3,NVIDIA GeForce RTX 3060 Ti,6629,8192,94,128
2025-11-03T21:27:01.402383,simple,short,5,13,94.91891026496887,0.20150279998779297,95.12041306495667,0.015500215383676382,64.51523254658268,llama3,NVIDIA GeForce RTX 3060 Ti,6629,8192,94,128
2025-11-03T21:27:04.638414,simple,short,6,190,95.17991423606873,3.2090303897857666,98.38894462585449,0.016889633630451404,59.20791545158421,llama3,NVIDIA GeForce RTX 3060 Ti,6629,8192,94,128
2025-11-03T21:27:05.520922,simple,short,5,52,98.40794396400452,0.8555090427398682,99.26345300674438,0.016452096975766696,60.78252525942203,llama3,NVIDIA GeForce RTX 3060 Ti,6629,8192,94,128
2025-11-03T21:27:05.753924,simple,short,4,13,99.26084518432617,0.20550227165222168,99.4663474559784,0.0158078670501709,63.25964134352895,llama3,NVIDIA GeForce RTX 3060 Ti,6629,8192,94,128
2025-11-03T21:27:08.589451,simple,short,5,167,99.48845481872559,2.8080272674560547,102.29648208618164,0.016814534535664998,59.47235695873225,llama3,NVIDIA GeForce RTX 3060 Ti,6629,8192,94,128
2025-11-03T21:27:08.818455,simple,short,5,13,102.34248304367065,0.20150208473205566,102.54398512840271,0.015500160364004282,64.51546155111275,llama3,NVIDIA GeForce RTX 3060 Ti,6629,8192,94,128
2025-11-03T21:27:09.399460,simple,short,6,34,102.58846139907837,0.552504301071167,103.14096570014954,0.01625012650209315,61.53798248100973,llama3,NVIDIA GeForce RTX 3060 Ti,6629,8192,94,128
2025-11-03T21:27:09.611461,simple,short,7,12,103.13548970222473,0.18500089645385742,103.32049059867859,0.015416741371154785,64.86455055093757,llama3,NVIDIA GeForce RTX 3060 Ti,6629,8192,94,128
2025-11-03T21:27:12.921494,simple,short,6,194,103.34949326515198,3.2825307846069336,106.63202404975891,0.0169202617763244,59.10074047431379,llama3,NVIDIA GeForce RTX 3060 Ti,6629,8192,94,128
2025-11-03T21:27:13.835002,simple,short,5,54,106.65352463722229,0.8860082626342773,107.53953289985657,0.016407560419153283,60.947512881479625,llama3,NVIDIA GeForce RTX 3060 Ti,6629,8192,94,128
2025-11-03T21:27:14.232009,simple,short,8,23,107.56653213500977,0.3690071105957031,107.93553924560547,0.016043787417204483,62.32942222406004,llama3,NVIDIA GeForce RTX 3060 Ti,6629,8192,94,128
2025-11-03T21:27:14.462007,simple,short,5,13,107.9635362625122,0.2005016803741455,108.16403794288635,0.015423206182626577,64.83736184026684,llama3,NVIDIA GeForce RTX 3060 Ti,6629,8192,94,128
2025-11-03T21:27:14.723010,simple,short,4,15,108.18953919410706,0.23400139808654785,108.4235405921936,0.015600093205769857,64.10218110941412,llama3,NVIDIA GeForce RTX 3060 Ti,6629,8192,94,128
2025-11-03T21:27:14.951013,simple,short,5,13,108.44754219055176,0.2005012035369873,108.64804339408875,0.015423169502845177,64.83751603816101,llama3,NVIDIA GeForce RTX 3060 Ti,6629,8192,94,128
2025-11-03T21:27:17.022033,simple,short,8,122,108.67387413978577,2.0435211658477783,110.71739530563354,0.01675017349055556,59.70087417684607,llama3,NVIDIA GeForce RTX 3060 Ti,6629,8192,94,128
2025-11-03T21:27:17.402536,simple,short,6,22,110.74026918411255,0.3535010814666748,111.09377026557922,0.016068230975757946,62.23460451301047,llama3,NVIDIA GeForce RTX 3060 Ti,6629,8192,94,128
2025-11-03T21:27:17.614538,simple,short,7,12,111.12006783485413,0.18450093269348145,111.30456876754761,0.015375077724456787,65.04032161146884,llama3,NVIDIA GeForce RTX 3060 Ti,6629,8192,94,128
2025-11-03T21:27:20.320564,simple,short,5,159,111.33006954193115,2.678525924682617,114.00859546661377,0.01684607499800388,59.3610084318449,llama3,NVIDIA GeForce RTX 3060 Ti,6629,8192,94,128
2025-11-03T21:27:21.120571,simple,short,7,47,114.03409600257874,0.7715058326721191,114.80560183525085,0.016415017716428067,60.91982459447516,llama3,NVIDIA GeForce RTX 3060 Ti,6629,8192,94,128
2025-11-03T21:27:25.358113,simple,short,7,247,114.83060193061829,4.208041429519653,119.03864336013794,0.017036604977812363,58.697140733282886,llama3,NVIDIA GeForce RTX 3060 Ti,6629,8192,94,128
2025-11-03T21:27:25.639116,simple,short,5,16,119.06264281272888,0.25400304794311523,119.316645860672,0.015875190496444702,62.99137010191803,llama3,NVIDIA GeForce RTX 3060 Ti,6629,8192,94,128
2025-11-03T21:27:25.885119,simple,short,7,14,119.34035897254944,0.2180023193359375,119.55836129188538,0.01557159423828125,64.21950024497795,llama3,NVIDIA GeForce RTX 3060 Ti,6629,8192,94,128
2025-11-03T21:27:26.080121,simple,short,5,11,119.58415055274963,0.16750049591064453,119.75165104866028,0.015227317810058594,65.67144736018037,llama3,NVIDIA GeForce RTX 3060 Ti,6629,8192,94,128
2025-11-03T21:27:26.493123,simple,short,6,24,119.77714419364929,0.38550329208374023,120.16264748573303,0.016062637170155842,62.256277683840494,llama3,NVIDIA GeForce RTX 3060 Ti,6629,8192,94,128
2025-11-03T21:27:26.795628,simple,short,5,17,120.18965458869934,0.27300333976745605,120.4626579284668,0.016059019986320946,62.27030048233323,llama3,NVIDIA GeForce RTX 3060 Ti,6629,8192,94,128
2025-11-03T21:27:26.972630,simple,short,6,10,120.4846601486206,0.15000009536743164,120.63466024398804,0.015000009536743164,66.66662428116844,llama3,NVIDIA GeForce RTX 3060 Ti,6629,8192,94,128
2025-11-03T21:27:27.121129,simple,short,7,8,120.65965819358826,0.12000060081481934,120.77965879440308,0.015000075101852417,66.66633288232711,llama3,NVIDIA GeForce RTX 3060 Ti,6629,8192,94,128
2025-11-03T21:27:28.354140,simple,short,5,73,120.80365943908691,1.205509901046753,122.00916934013367,0.016513834260914424,60.55528862650865,llama3,NVIDIA GeForce RTX 3060 Ti,6629,8192,94,128
2025-11-03T21:27:31.647671,simple,short,4,194,122.03317260742188,3.266528844833374,125.29970145225525,0.016837777550687494,59.390260798353964,llama3,NVIDIA GeForce RTX 3060 Ti,6629,8192,94,128
2025-11-03T21:27:32.776686,simple,short,7,66,125.325204372406,1.100010633468628,126.42521500587463,0.016666827779827698,59.99941999822705,llama3,NVIDIA GeForce RTX 3060 Ti,6629,8192,94,128
2025-11-03T21:27:35.560211,simple,short,4,163,126.44621396064758,2.755526065826416,129.201740026474,0.01690506788850562,59.1538588661887,llama3,NVIDIA GeForce RTX 3060 Ti,6629,8192,94,128
2025-11-03T21:27:35.739713,simple,short,4,10,129.22439169883728,0.15149998664855957,129.37589168548584,0.015149998664855956,66.00660647711732,llama3,NVIDIA GeForce RTX 3060 Ti,6629,8192,94,128
2025-11-03T21:27:35.934218,simple,short,8,11,129.3967423439026,0.16700410842895508,129.56374645233154,0.015182191675359552,65.86664306333212,llama3,NVIDIA GeForce RTX 3060 Ti,6629,8192,94,128
2025-11-03T21:27:37.965233,simple,short,5,120,129.58774328231812,2.0025177001953125,131.59026098251343,0.016687647501627604,59.924563956810964,llama3,NVIDIA GeForce RTX 3060 Ti,6629,8192,94,128
2025-11-03T21:27:38.159735,simple,short,7,11,131.61276388168335,0.16700100898742676,131.77976489067078,0.015181909907947887,65.86786550989146,llama3,NVIDIA GeForce RTX 3060 Ti,6629,8192,94,128
2025-11-03T21:27:40.363756,simple,short,5,130,131.80326652526855,2.1760191917419434,133.9792857170105,0.01673860916724572,59.74212014919437,llama3,NVIDIA GeForce RTX 3060 Ti,6629,8192,94,128
2025-11-03T21:27:44.914301,simple,short,8,265,134.00278663635254,4.5225443840026855,138.52533102035522,0.017066205222651645,58.59533428513559,llama3,NVIDIA GeForce RTX 3060 Ti,6629,8192,94,128
